date,Count
1/1/2013 - 1/2/2013,10
1/2/2013 - 1/3/2013,4
1/3/2013 - 1/4/2013,2
1/4/2013 - 1/5/2013,5
1/5/2013 - 1/6/2013,11
1/6/2013 - 1/7/2013,6
1/7/2013 - 1/8/2013,7
1/8/2013 - 1/9/2013,5
1/9/2013 - 1/10/2013,1
1/10/2013 - 1/11/2013,1
1/11/2013 - 1/12/2013,3
1/12/2013 - 1/13/2013,16
1/13/2013 - 1/14/2013,1
1/14/2013 - 1/15/2013,2
1/15/2013 - 1/16/2013,2
1/16/2013 - 1/17/2013,2
1/17/2013 - 1/18/2013,4
1/18/2013 - 1/19/2013,0
1/19/2013 - 1/20/2013,3
1/20/2013 - 1/21/2013,1
1/21/2013 - 1/22/2013,2
1/22/2013 - 1/23/2013,2
1/23/2013 - 1/24/2013,0
1/24/2013 - 1/25/2013,2
1/25/2013 - 1/26/2013,0
1/26/2013 - 1/27/2013,4
1/27/2013 - 1/28/2013,5
1/28/2013 - 1/29/2013,1
1/29/2013 - 1/30/2013,1
1/30/2013 - 1/31/2013,1
1/31/2013 - 2/1/2013,1
2/1/2013 - 2/2/2013,1
2/2/2013 - 2/3/2013,9
2/3/2013 - 2/4/2013,6
2/4/2013 - 2/5/2013,3
2/5/2013 - 2/6/2013,3
2/6/2013 - 2/7/2013,1
2/7/2013 - 2/8/2013,2
2/8/2013 - 2/9/2013,6
2/9/2013 - 2/10/2013,7
2/10/2013 - 2/11/2013,5
2/11/2013 - 2/12/2013,2
2/12/2013 - 2/13/2013,4
2/13/2013 - 2/14/2013,5
2/14/2013 - 2/15/2013,3
2/15/2013 - 2/16/2013,7
2/16/2013 - 2/17/2013,23
2/17/2013 - 2/18/2013,14
2/18/2013 - 2/19/2013,7
2/19/2013 - 2/20/2013,5
2/20/2013 - 2/21/2013,8
2/21/2013 - 2/22/2013,3
2/22/2013 - 2/23/2013,4
2/23/2013 - 2/24/2013,14
2/24/2013 - 2/25/2013,17
2/25/2013 - 2/26/2013,9
2/26/2013 - 2/27/2013,2
2/27/2013 - 2/28/2013,2
2/28/2013 - 3/1/2013,6
3/1/2013 - 3/2/2013,1
3/2/2013 - 3/3/2013,14
3/3/2013 - 3/4/2013,14
3/4/2013 - 3/5/2013,10
3/5/2013 - 3/6/2013,3
3/6/2013 - 3/7/2013,3
3/7/2013 - 3/8/2013,4
3/8/2013 - 3/9/2013,6
3/9/2013 - 3/10/2013,25
3/9/2013 - 3/11/2013,15
3/11/2013 - 3/12/2013,2
3/12/2013 - 3/13/2013,8
3/13/2013 - 3/14/2013,1
3/14/2013 - 3/15/2013,6
3/15/2013 - 3/16/2013,12
3/16/2013 - 3/17/2013,16
3/17/2013 - 3/18/2013,14
3/18/2013 - 3/19/2013,7
3/19/2013 - 3/20/2013,7
3/20/2013 - 3/21/2013,3
3/21/2013 - 3/22/2013,2
3/22/2013 - 3/23/2013,8
3/23/2013 - 3/24/2013,15
3/24/2013 - 3/25/2013,12
3/25/2013 - 3/26/2013,5
3/26/2013 - 3/27/2013,1
3/27/2013 - 3/28/2013,5
3/28/2013 - 3/29/2013,8
3/29/2013 - 3/30/2013,23
3/30/2013 - 3/31/2013,24
3/31/2013 - 4/1/2013,17
4/1/2013 - 4/2/2013,15
4/2/2013 - 4/3/2013,13
4/3/2013 - 4/4/2013,12
4/4/2013 - 4/5/2013,12
4/5/2013 - 4/6/2013,13
4/6/2013 - 4/7/2013,17
4/7/2013 - 4/8/2013,16
4/8/2013 - 4/9/2013,8
4/9/2013 - 4/10/2013,12
4/10/2013 - 4/11/2013,10
4/11/2013 - 4/12/2013,4
4/12/2013 - 4/13/2013,13
4/13/2013 - 4/14/2013,18
4/14/2013 - 4/15/2013,16
4/15/2013 - 4/16/2013,13
4/16/2013 - 4/17/2013,3
4/17/2013 - 4/18/2013,19
4/18/2013 - 4/19/2013,13
4/19/2013 - 4/20/2013,4
4/20/2013 - 4/21/2013,17
4/21/2013 - 4/22/2013,24
4/22/2013 - 4/23/2013,12
4/23/2013 - 4/24/2013,9
4/24/2013 - 4/25/2013,9
4/25/2013 - 4/26/2013,17
4/26/2013 - 4/27/2013,13
4/27/2013 - 4/28/2013,38
4/28/2013 - 4/29/2013,24
4/29/2013 - 4/30/2013,15
4/30/2013 - 5/1/2013,23
5/1/2013 - 5/2/2013,17
5/2/2013 - 5/3/2013,18
5/3/2013 - 5/4/2013,14
5/4/2013 - 5/5/2013,21
5/5/2013 - 5/6/2013,14
5/6/2013 - 5/7/2013,3
5/7/2013 - 5/8/2013,13
5/8/2013 - 5/9/2013,8
5/9/2013 - 5/10/2013,7
5/10/2013 - 5/11/2013,9
5/11/2013 - 5/12/2013,37
5/12/2013 - 5/13/2013,15
5/13/2013 - 5/14/2013,9
5/14/2013 - 5/15/2013,6
5/15/2013 - 5/16/2013,28
5/16/2013 - 5/17/2013,10
5/17/2013 - 5/18/2013,10
5/18/2013 - 5/19/2013,13
5/19/2013 - 5/20/2013,20
5/20/2013 - 5/21/2013,6
5/21/2013 - 5/22/2013,0
5/22/2013 - 5/23/2013,4
5/23/2013 - 5/24/2013,6
5/24/2013 - 5/25/2013,6
5/25/2013 - 5/26/2013,19
5/26/2013 - 5/27/2013,14
5/27/2013 - 5/28/2013,9
5/28/2013 - 5/29/2013,6
5/29/2013 - 5/30/2013,8
5/30/2013 - 5/31/2013,9
5/31/2013 - 6/1/2013,1
6/1/2013 - 6/2/2013,12
6/2/2013 - 6/3/2013,15
6/3/2013 - 6/4/2013,11
6/4/2013 - 6/5/2013,7
6/5/2013 - 6/6/2013,7
6/6/2013 - 6/7/2013,5
6/7/2013 - 6/8/2013,5
6/8/2013 - 6/9/2013,8
6/9/2013 - 6/10/2013,10
6/10/2013 - 6/11/2013,3
6/11/2013 - 6/12/2013,5
6/12/2013 - 6/13/2013,1
6/13/2013 - 6/14/2013,1
6/14/2013 - 6/15/2013,8
6/15/2013 - 6/16/2013,17
6/16/2013 - 6/17/2013,7
6/17/2013 - 6/18/2013,5
6/18/2013 - 6/19/2013,7
6/19/2013 - 6/20/2013,6
6/20/2013 - 6/21/2013,6
6/21/2013 - 6/22/2013,7
6/22/2013 - 6/23/2013,7
6/23/2013 - 6/24/2013,11
6/24/2013 - 6/25/2013,1
6/25/2013 - 6/26/2013,4
6/26/2013 - 6/27/2013,0
6/27/2013 - 6/28/2013,3
6/28/2013 - 6/29/2013,5
6/29/2013 - 6/30/2013,4
6/30/2013 - 7/1/2013,6
7/1/2013 - 7/2/2013,2
7/2/2013 - 7/3/2013,2
7/3/2013 - 7/4/2013,3
7/4/2013 - 7/5/2013,6
7/5/2013 - 7/6/2013,3
7/6/2013 - 7/7/2013,5
7/7/2013 - 7/8/2013,8
7/8/2013 - 7/9/2013,2
7/9/2013 - 7/10/2013,3
7/10/2013 - 7/11/2013,0
7/11/2013 - 7/12/2013,2
7/12/2013 - 7/13/2013,4
7/13/2013 - 7/14/2013,11
7/14/2013 - 7/15/2013,9
7/15/2013 - 7/16/2013,3
7/16/2013 - 7/17/2013,3
7/17/2013 - 7/18/2013,2
7/18/2013 - 7/19/2013,1
7/19/2013 - 7/20/2013,0
7/20/2013 - 7/21/2013,6
7/21/2013 - 7/22/2013,7
7/22/2013 - 7/23/2013,2
7/23/2013 - 7/24/2013,4
7/24/2013 - 7/25/2013,1
7/25/2013 - 7/26/2013,3
7/26/2013 - 7/27/2013,6
7/27/2013 - 7/28/2013,1
7/28/2013 - 7/29/2013,9
7/29/2013 - 7/30/2013,4
7/30/2013 - 7/31/2013,3
7/31/2013 - 8/1/2013,3
8/1/2013 - 8/2/2013,5
8/2/2013 - 8/3/2013,4
8/3/2013 - 8/4/2013,8
8/4/2013 - 8/5/2013,7
8/5/2013 - 8/6/2013,5
8/6/2013 - 8/7/2013,4
8/7/2013 - 8/8/2013,3
8/8/2013 - 8/9/2013,3
8/9/2013 - 8/10/2013,1
8/10/2013 - 8/11/2013,4
8/11/2013 - 8/12/2013,4
8/12/2013 - 8/13/2013,9
8/13/2013 - 8/14/2013,1
8/14/2013 - 8/15/2013,3
8/15/2013 - 8/16/2013,2
8/16/2013 - 8/17/2013,1
8/17/2013 - 8/18/2013,7
8/18/2013 - 8/19/2013,9
8/19/2013 - 8/20/2013,0
8/20/2013 - 8/21/2013,0
8/21/2013 - 8/22/2013,2
8/22/2013 - 8/23/2013,2
8/23/2013 - 8/24/2013,1
8/24/2013 - 8/25/2013,7
8/25/2013 - 8/26/2013,13
8/26/2013 - 8/27/2013,2
8/27/2013 - 8/28/2013,2
8/28/2013 - 8/29/2013,1
8/29/2013 - 8/30/2013,2
8/30/2013 - 8/31/2013,2
8/31/2013 - 9/1/2013,4
9/1/2013 - 9/2/2013,11
9/2/2013 - 9/3/2013,9
9/3/2013 - 9/4/2013,2
9/4/2013 - 9/5/2013,2
9/5/2013 - 9/6/2013,5
9/6/2013 - 9/7/2013,3
9/7/2013 - 9/8/2013,13
9/8/2013 - 9/9/2013,20
9/9/2013 - 9/10/2013,2
9/10/2013 - 9/11/2013,3
9/11/2013 - 9/12/2013,5
9/12/2013 - 9/13/2013,6
9/13/2013 - 9/14/2013,7
9/14/2013 - 9/15/2013,6
9/15/2013 - 9/16/2013,11
9/16/2013 - 9/17/2013,3
9/17/2013 - 9/18/2013,11
9/18/2013 - 9/19/2013,6
9/19/2013 - 9/20/2013,2
9/20/2013 - 9/21/2013,2
9/21/2013 - 9/22/2013,9
9/22/2013 - 9/23/2013,14
9/23/2013 - 9/24/2013,4
9/24/2013 - 9/25/2013,12
9/25/2013 - 9/26/2013,5
9/26/2013 - 9/27/2013,4
9/27/2013 - 9/28/2013,4
9/28/2013 - 9/29/2013,10
9/29/2013 - 9/30/2013,2
9/30/2013 - 10/1/2013,1
10/1/2013 - 10/2/2013,3
10/2/2013 - 10/3/2013,7
10/3/2013 - 10/4/2013,6
10/4/2013 - 10/5/2013,3
10/5/2013 - 10/6/2013,10
10/6/2013 - 10/7/2013,6
10/7/2013 - 10/8/2013,3
10/8/2013 - 10/9/2013,1
10/9/2013 - 10/10/2013,3
10/10/2013 - 10/11/2013,4
10/11/2013 - 10/12/2013,0
10/12/2013 - 10/13/2013,10
10/13/2013 - 10/14/2013,9
10/14/2013 - 10/15/2013,2
10/15/2013 - 10/16/2013,1
10/16/2013 - 10/17/2013,3
10/17/2013 - 10/18/2013,1
10/18/2013 - 10/19/2013,6
10/19/2013 - 10/20/2013,6
10/20/2013 - 10/21/2013,18
10/21/2013 - 10/22/2013,3
10/22/2013 - 10/23/2013,5
10/23/2013 - 10/24/2013,1
10/24/2013 - 10/25/2013,2
10/25/2013 - 10/26/2013,4
10/26/2013 - 10/27/2013,5
10/27/2013 - 10/28/2013,15
10/28/2013 - 10/29/2013,1
10/29/2013 - 10/30/2013,5
10/30/2013 - 10/31/2013,2
10/31/2013 - 11/1/2013,1
11/1/2013 - 11/2/2013,2
11/2/2013 - 11/3/2013,10
11/3/2013 - 11/4/2013,13
11/4/2013 - 11/5/2013,3
11/5/2013 - 11/6/2013,3
11/6/2013 - 11/7/2013,0
11/7/2013 - 11/8/2013,3
11/8/2013 - 11/9/2013,7
11/9/2013 - 11/10/2013,10
11/10/2013 - 11/11/2013,6
11/11/2013 - 11/12/2013,2
11/12/2013 - 11/13/2013,1
11/13/2013 - 11/14/2013,3
11/14/2013 - 11/15/2013,2
11/15/2013 - 11/16/2013,2
11/16/2013 - 11/17/2013,9
11/17/2013 - 11/18/2013,3
11/18/2013 - 11/19/2013,1
11/19/2013 - 11/20/2013,3
11/20/2013 - 11/21/2013,1
11/21/2013 - 11/22/2013,3
11/22/2013 - 11/23/2013,1
11/23/2013 - 11/24/2013,10
11/24/2013 - 11/25/2013,10
11/25/2013 - 11/26/2013,4
11/26/2013 - 11/27/2013,3
11/27/2013 - 11/28/2013,2
11/28/2013 - 11/29/2013,6
11/29/2013 - 11/30/2013,6
11/30/2013 - 12/1/2013,7
12/1/2013 - 12/2/2013,5
12/2/2013 - 12/3/2013,5
12/3/2013 - 12/4/2013,0
12/4/2013 - 12/5/2013,3
12/5/2013 - 12/6/2013,2
12/6/2013 - 12/7/2013,1
12/7/2013 - 12/8/2013,9
12/8/2013 - 12/9/2013,5
12/9/2013 - 12/10/2013,4
12/10/2013 - 12/11/2013,2
12/11/2013 - 12/12/2013,1
12/12/2013 - 12/13/2013,0
12/13/2013 - 12/14/2013,2
12/14/2013 - 12/15/2013,8
12/15/2013 - 12/16/2013,11
12/16/2013 - 12/17/2013,0
12/17/2013 - 12/18/2013,1
12/18/2013 - 12/19/2013,6
12/19/2013 - 12/20/2013,2
12/20/2013 - 12/21/2013,1
12/21/2013 - 12/22/2013,0
12/22/2013 - 12/23/2013,3
12/23/2013 - 12/24/2013,5
12/24/2013 - 12/25/2013,1
12/25/2013 - 12/26/2013,2
12/26/2013 - 12/27/2013,4
12/27/2013 - 12/28/2013,1
12/28/2013 - 12/29/2013,4
12/29/2013 - 12/30/2013,3
12/30/2013 - 12/31/2013,3
12/31/2013 - 1/1/2014,3
1/1/2014 - 1/2/2014,14
1/2/2014 - 1/3/2014,5
1/3/2014 - 1/4/2014,6
1/4/2014 - 1/5/2014,10
1/5/2014 - 1/6/2014,3
1/6/2014 - 1/7/2014,3
1/7/2014 - 1/8/2014,4
1/8/2014 - 1/9/2014,1
1/9/2014 - 1/10/2014,9
1/10/2014 - 1/11/2014,5
1/11/2014 - 1/12/2014,6
1/12/2014 - 1/13/2014,16
1/13/2014 - 1/14/2014,4
1/14/2014 - 1/15/2014,7
1/15/2014 - 1/16/2014,4
1/16/2014 - 1/17/2014,1
1/17/2014 - 1/18/2014,5
1/18/2014 - 1/19/2014,7
1/19/2014 - 1/20/2014,11
1/20/2014 - 1/21/2014,7
1/21/2014 - 1/22/2014,1
1/22/2014 - 1/23/2014,1
1/23/2014 - 1/24/2014,1
1/24/2014 - 1/25/2014,3
1/25/2014 - 1/26/2014,7
1/26/2014 - 1/27/2014,11
1/27/2014 - 1/28/2014,1
1/28/2014 - 1/29/2014,1
1/29/2014 - 1/30/2014,4
1/30/2014 - 1/31/2014,4
1/31/2014 - 2/1/2014,5
2/1/2014 - 2/2/2014,10
2/2/2014 - 2/3/2014,5
2/3/2014 - 2/4/2014,5
2/4/2014 - 2/5/2014,3
2/5/2014 - 2/6/2014,4
2/6/2014 - 2/7/2014,5
2/7/2014 - 2/8/2014,7
2/8/2014 - 2/9/2014,9
2/9/2014 - 2/10/2014,7
2/10/2014 - 2/11/2014,1
2/11/2014 - 2/12/2014,2
2/12/2014 - 2/13/2014,9
2/13/2014 - 2/14/2014,11
2/14/2014 - 2/15/2014,13
2/15/2014 - 2/16/2014,19
2/16/2014 - 2/17/2014,16
2/17/2014 - 2/18/2014,13
2/18/2014 - 2/19/2014,5
2/19/2014 - 2/20/2014,3
2/20/2014 - 2/21/2014,3
2/21/2014 - 2/22/2014,4
2/22/2014 - 2/23/2014,15
2/23/2014 - 2/24/2014,18
2/24/2014 - 2/25/2014,6
2/25/2014 - 2/26/2014,7
2/26/2014 - 2/27/2014,0
2/27/2014 - 2/28/2014,4
2/28/2014 - 3/1/2014,5
3/1/2014 - 3/2/2014,10
3/2/2014 - 3/3/2014,2
3/3/2014 - 3/4/2014,2
3/4/2014 - 3/5/2014,6
3/5/2014 - 3/6/2014,4
3/6/2014 - 3/7/2014,3
3/7/2014 - 3/8/2014,12
3/8/2014 - 3/9/2014,27
3/8/2014 - 3/10/2014,15
3/10/2014 - 3/11/2014,17
3/11/2014 - 3/12/2014,14
3/12/2014 - 3/13/2014,2
3/13/2014 - 3/14/2014,11
3/14/2014 - 3/15/2014,13
3/15/2014 - 3/16/2014,33
3/16/2014 - 3/17/2014,18
3/17/2014 - 3/18/2014,12
3/18/2014 - 3/19/2014,10
3/19/2014 - 3/20/2014,9
3/20/2014 - 3/21/2014,15
3/21/2014 - 3/22/2014,12
3/22/2014 - 3/23/2014,16
3/23/2014 - 3/24/2014,18
3/24/2014 - 3/25/2014,11
3/25/2014 - 3/26/2014,8
3/26/2014 - 3/27/2014,13
3/27/2014 - 3/28/2014,8
3/28/2014 - 3/29/2014,13
3/29/2014 - 3/30/2014,4
3/30/2014 - 3/31/2014,29
3/31/2014 - 4/1/2014,13
4/1/2014 - 4/2/2014,17
4/2/2014 - 4/3/2014,9
4/3/2014 - 4/4/2014,8
4/4/2014 - 4/5/2014,9
4/5/2014 - 4/6/2014,23
4/6/2014 - 4/7/2014,27
4/7/2014 - 4/8/2014,4
4/8/2014 - 4/9/2014,15
4/9/2014 - 4/10/2014,19
4/10/2014 - 4/11/2014,14
4/11/2014 - 4/12/2014,23
4/12/2014 - 4/13/2014,34
4/13/2014 - 4/14/2014,36
4/14/2014 - 4/15/2014,13
4/15/2014 - 4/16/2014,16
4/16/2014 - 4/17/2014,15
4/17/2014 - 4/18/2014,18
4/18/2014 - 4/19/2014,36
4/19/2014 - 4/20/2014,30
4/20/2014 - 4/21/2014,34
4/21/2014 - 4/22/2014,16
4/22/2014 - 4/23/2014,15
4/23/2014 - 4/24/2014,17
4/24/2014 - 4/25/2014,21
4/25/2014 - 4/26/2014,23
4/26/2014 - 4/27/2014,43
4/27/2014 - 4/28/2014,37
4/28/2014 - 4/29/2014,27
4/29/2014 - 4/30/2014,33
4/30/2014 - 5/1/2014,30
5/1/2014 - 5/2/2014,27
5/2/2014 - 5/3/2014,19
5/3/2014 - 5/4/2014,35
5/4/2014 - 5/5/2014,46
5/5/2014 - 5/6/2014,25
5/6/2014 - 5/7/2014,43
5/7/2014 - 5/8/2014,22
5/8/2014 - 5/9/2014,23
5/9/2014 - 5/10/2014,21
5/10/2014 - 5/11/2014,74
5/11/2014 - 5/12/2014,27
5/12/2014 - 5/13/2014,25
5/13/2014 - 5/14/2014,17
5/14/2014 - 5/15/2014,10
5/15/2014 - 5/16/2014,13
5/16/2014 - 5/17/2014,13
5/17/2014 - 5/18/2014,33
5/18/2014 - 5/19/2014,27
5/19/2014 - 5/20/2014,23
5/20/2014 - 5/21/2014,12
5/21/2014 - 5/22/2014,10
5/22/2014 - 5/23/2014,14
5/23/2014 - 5/24/2014,13
5/24/2014 - 5/25/2014,17
5/25/2014 - 5/26/2014,16
5/26/2014 - 5/27/2014,12
5/27/2014 - 5/28/2014,14
5/28/2014 - 5/29/2014,14
5/29/2014 - 5/30/2014,9
5/30/2014 - 5/31/2014,4
5/31/2014 - 6/1/2014,13
6/1/2014 - 6/2/2014,13
6/2/2014 - 6/3/2014,7
6/3/2014 - 6/4/2014,6
6/4/2014 - 6/5/2014,9
6/5/2014 - 6/6/2014,12
6/6/2014 - 6/7/2014,11
6/7/2014 - 6/8/2014,14
6/8/2014 - 6/9/2014,10
6/9/2014 - 6/10/2014,7
6/10/2014 - 6/11/2014,8
6/11/2014 - 6/12/2014,1
6/12/2014 - 6/13/2014,9
6/13/2014 - 6/14/2014,9
6/14/2014 - 6/15/2014,16
6/15/2014 - 6/16/2014,18
6/16/2014 - 6/17/2014,6
6/17/2014 - 6/18/2014,10
6/18/2014 - 6/19/2014,6
6/19/2014 - 6/20/2014,7
6/20/2014 - 6/21/2014,3
6/21/2014 - 6/22/2014,6
6/22/2014 - 6/23/2014,10
6/23/2014 - 6/24/2014,7
6/24/2014 - 6/25/2014,5
6/25/2014 - 6/26/2014,5
6/26/2014 - 6/27/2014,4
6/27/2014 - 6/28/2014,6
6/28/2014 - 6/29/2014,6
6/29/2014 - 6/30/2014,13
6/30/2014 - 7/1/2014,2
7/1/2014 - 7/2/2014,3
7/2/2014 - 7/3/2014,5
7/3/2014 - 7/4/2014,7
7/4/2014 - 7/5/2014,12
7/5/2014 - 7/6/2014,6
7/6/2014 - 7/7/2014,14
7/7/2014 - 7/8/2014,6
7/8/2014 - 7/9/2014,3
7/9/2014 - 7/10/2014,7
7/10/2014 - 7/11/2014,7
7/11/2014 - 7/12/2014,7
7/12/2014 - 7/13/2014,8
7/13/2014 - 7/14/2014,12
7/14/2014 - 7/15/2014,2
7/15/2014 - 7/16/2014,14
7/16/2014 - 7/17/2014,12
7/17/2014 - 7/18/2014,7
7/18/2014 - 7/19/2014,7
7/19/2014 - 7/20/2014,21
7/20/2014 - 7/21/2014,11
7/21/2014 - 7/22/2014,5
7/22/2014 - 7/23/2014,4
7/23/2014 - 7/24/2014,6
7/24/2014 - 7/25/2014,4
7/25/2014 - 7/26/2014,11
7/26/2014 - 7/27/2014,12
7/27/2014 - 7/28/2014,8
7/28/2014 - 7/29/2014,5
7/29/2014 - 7/30/2014,9
7/30/2014 - 7/31/2014,10
7/31/2014 - 8/1/2014,3
8/1/2014 - 8/2/2014,8
8/2/2014 - 8/3/2014,6
8/3/2014 - 8/4/2014,7
8/4/2014 - 8/5/2014,1
8/5/2014 - 8/6/2014,1
8/6/2014 - 8/7/2014,4
8/7/2014 - 8/8/2014,3
8/8/2014 - 8/9/2014,4
8/9/2014 - 8/10/2014,6
8/10/2014 - 8/11/2014,9
8/11/2014 - 8/12/2014,7
8/12/2014 - 8/13/2014,1
8/13/2014 - 8/14/2014,3
8/14/2014 - 8/15/2014,1
8/15/2014 - 8/16/2014,3
8/16/2014 - 8/17/2014,7
8/17/2014 - 8/18/2014,6
8/18/2014 - 8/19/2014,0
8/19/2014 - 8/20/2014,4
8/20/2014 - 8/21/2014,2
8/21/2014 - 8/22/2014,0
8/22/2014 - 8/23/2014,1
8/23/2014 - 8/24/2014,6
8/24/2014 - 8/25/2014,5
8/25/2014 - 8/26/2014,1
8/26/2014 - 8/27/2014,2
8/27/2014 - 8/28/2014,3
8/28/2014 - 8/29/2014,2
8/29/2014 - 8/30/2014,1
8/30/2014 - 8/31/2014,8
8/31/2014 - 9/1/2014,6
9/1/2014 - 9/2/2014,5
9/2/2014 - 9/3/2014,5
9/3/2014 - 9/4/2014,6
9/4/2014 - 9/5/2014,3
9/5/2014 - 9/6/2014,1
9/6/2014 - 9/7/2014,6
9/7/2014 - 9/8/2014,16
9/8/2014 - 9/9/2014,6
9/9/2014 - 9/10/2014,3
9/10/2014 - 9/11/2014,4
9/11/2014 - 9/12/2014,3
9/12/2014 - 9/13/2014,5
9/13/2014 - 9/14/2014,10
9/14/2014 - 9/15/2014,12
9/15/2014 - 9/16/2014,3
9/16/2014 - 9/17/2014,4
9/17/2014 - 9/18/2014,5
9/18/2014 - 9/19/2014,5
9/19/2014 - 9/20/2014,4
9/20/2014 - 9/21/2014,13
9/21/2014 - 9/22/2014,6
9/22/2014 - 9/23/2014,2
9/23/2014 - 9/24/2014,10
9/24/2014 - 9/25/2014,5
9/25/2014 - 9/26/2014,6
9/26/2014 - 9/27/2014,6
9/27/2014 - 9/28/2014,5
9/28/2014 - 9/29/2014,16
9/29/2014 - 9/30/2014,3
9/30/2014 - 10/1/2014,3
10/1/2014 - 10/2/2014,2
10/2/2014 - 10/3/2014,1
10/3/2014 - 10/4/2014,3
10/4/2014 - 10/5/2014,13
10/5/2014 - 10/6/2014,13
10/6/2014 - 10/7/2014,6
10/7/2014 - 10/8/2014,4
10/8/2014 - 10/9/2014,6
10/9/2014 - 10/10/2014,6
10/10/2014 - 10/11/2014,2
10/11/2014 - 10/12/2014,15
10/12/2014 - 10/13/2014,11
10/13/2014 - 10/14/2014,4
10/14/2014 - 10/15/2014,2
10/15/2014 - 10/16/2014,3
10/16/2014 - 10/17/2014,7
10/17/2014 - 10/18/2014,5
10/18/2014 - 10/19/2014,12
10/19/2014 - 10/20/2014,12
10/20/2014 - 10/21/2014,3
10/21/2014 - 10/22/2014,8
10/22/2014 - 10/23/2014,4
10/23/2014 - 10/24/2014,4
10/24/2014 - 10/25/2014,7
10/25/2014 - 10/26/2014,16
10/26/2014 - 10/27/2014,17
10/27/2014 - 10/28/2014,6
10/28/2014 - 10/29/2014,3
10/29/2014 - 10/30/2014,5
10/30/2014 - 10/31/2014,6
10/31/2014 - 11/1/2014,1
11/1/2014 - 11/2/2014,7
11/2/2014 - 11/3/2014,14
11/3/2014 - 11/4/2014,3
11/4/2014 - 11/5/2014,3
11/5/2014 - 11/6/2014,10
11/6/2014 - 11/7/2014,5
11/7/2014 - 11/8/2014,8
11/8/2014 - 11/9/2014,15
11/9/2014 - 11/10/2014,13
11/10/2014 - 11/11/2014,3
11/11/2014 - 11/12/2014,3
11/12/2014 - 11/13/2014,2
11/13/2014 - 11/14/2014,0
11/14/2014 - 11/15/2014,3
11/15/2014 - 11/16/2014,6
11/16/2014 - 11/17/2014,8
11/17/2014 - 11/18/2014,3
11/18/2014 - 11/19/2014,2
11/19/2014 - 11/20/2014,1
11/20/2014 - 11/21/2014,3
11/21/2014 - 11/22/2014,4
11/22/2014 - 11/23/2014,7
11/23/2014 - 11/24/2014,4
11/24/2014 - 11/25/2014,0
11/25/2014 - 11/26/2014,4
11/26/2014 - 11/27/2014,6
11/27/2014 - 11/28/2014,3
11/28/2014 - 11/29/2014,3
11/29/2014 - 11/30/2014,4
11/30/2014 - 12/1/2014,3
12/1/2014 - 12/2/2014,3
12/2/2014 - 12/3/2014,4
12/3/2014 - 12/4/2014,6
12/4/2014 - 12/5/2014,1
12/5/2014 - 12/6/2014,1
12/6/2014 - 12/7/2014,1
12/7/2014 - 12/8/2014,9
12/8/2014 - 12/9/2014,4
12/9/2014 - 12/10/2014,3
12/10/2014 - 12/11/2014,1
12/11/2014 - 12/12/2014,1
12/12/2014 - 12/13/2014,1
12/13/2014 - 12/14/2014,7
12/14/2014 - 12/15/2014,6
12/15/2014 - 12/16/2014,1
12/16/2014 - 12/17/2014,1
12/17/2014 - 12/18/2014,3
12/18/2014 - 12/19/2014,5
12/19/2014 - 12/20/2014,4
12/20/2014 - 12/21/2014,11
12/21/2014 - 12/22/2014,3
12/22/2014 - 12/23/2014,2
12/23/2014 - 12/24/2014,3
12/24/2014 - 12/25/2014,0
12/25/2014 - 12/26/2014,2
12/26/2014 - 12/27/2014,4
12/27/2014 - 12/28/2014,5
12/28/2014 - 12/29/2014,0
12/29/2014 - 12/30/2014,1
12/30/2014 - 12/31/2014,5
12/31/2014 - 1/1/2015,5
1/1/2015 - 1/2/2015,21
1/2/2015 - 1/3/2015,7
1/3/2015 - 1/4/2015,5
1/4/2015 - 1/5/2015,7
1/5/2015 - 1/6/2015,3
1/6/2015 - 1/7/2015,5
1/7/2015 - 1/8/2015,9
1/8/2015 - 1/9/2015,4
1/9/2015 - 1/10/2015,3
1/10/2015 - 1/11/2015,10
1/11/2015 - 1/12/2015,7
1/12/2015 - 1/13/2015,4
1/13/2015 - 1/14/2015,3
1/14/2015 - 1/15/2015,6
1/15/2015 - 1/16/2015,7
1/16/2015 - 1/17/2015,6
1/17/2015 - 1/18/2015,17
1/18/2015 - 1/19/2015,6
1/19/2015 - 1/20/2015,9
1/20/2015 - 1/21/2015,9
1/21/2015 - 1/22/2015,4
1/22/2015 - 1/23/2015,8
1/23/2015 - 1/24/2015,4
1/24/2015 - 1/25/2015,18
1/25/2015 - 1/26/2015,7
1/26/2015 - 1/27/2015,5
1/27/2015 - 1/28/2015,4
1/28/2015 - 1/29/2015,3
1/29/2015 - 1/30/2015,4
1/30/2015 - 1/31/2015,8
1/31/2015 - 2/1/2015,6
2/1/2015 - 2/2/2015,1
2/2/2015 - 2/3/2015,4
2/3/2015 - 2/4/2015,1
2/4/2015 - 2/5/2015,4
2/5/2015 - 2/6/2015,1
2/6/2015 - 2/7/2015,4
2/7/2015 - 2/8/2015,18
2/8/2015 - 2/9/2015,14
2/9/2015 - 2/10/2015,5
2/10/2015 - 2/11/2015,6
2/11/2015 - 2/12/2015,5
2/12/2015 - 2/13/2015,2
2/13/2015 - 2/14/2015,9
2/14/2015 - 2/15/2015,14
2/15/2015 - 2/16/2015,20
2/16/2015 - 2/17/2015,16
2/17/2015 - 2/18/2015,6
2/18/2015 - 2/19/2015,2
2/19/2015 - 2/20/2015,3
2/20/2015 - 2/21/2015,10
2/21/2015 - 2/22/2015,8
2/22/2015 - 2/23/2015,15
2/23/2015 - 2/24/2015,9
2/24/2015 - 2/25/2015,6
2/25/2015 - 2/26/2015,11
2/26/2015 - 2/27/2015,6
2/27/2015 - 2/28/2015,12
2/28/2015 - 3/1/2015,17
3/1/2015 - 3/2/2015,15
3/2/2015 - 3/3/2015,8
3/3/2015 - 3/4/2015,7
3/4/2015 - 3/5/2015,7
3/5/2015 - 3/6/2015,2
3/6/2015 - 3/7/2015,6
3/7/2015 - 3/8/2015,13
3/7/2015 - 3/9/2015,13
3/9/2015 - 3/10/2015,11
3/10/2015 - 3/11/2015,1
3/11/2015 - 3/12/2015,17
3/12/2015 - 3/13/2015,15
3/13/2015 - 3/14/2015,7
3/14/2015 - 3/15/2015,38
3/15/2015 - 3/16/2015,19
3/16/2015 - 3/17/2015,16
3/17/2015 - 3/18/2015,15
3/18/2015 - 3/19/2015,19
3/19/2015 - 3/20/2015,7
3/20/2015 - 3/21/2015,29
3/21/2015 - 3/22/2015,26
3/22/2015 - 3/23/2015,26
3/23/2015 - 3/24/2015,9
3/24/2015 - 3/25/2015,14
3/25/2015 - 3/26/2015,24
3/26/2015 - 3/27/2015,18
3/27/2015 - 3/28/2015,18
3/28/2015 - 3/29/2015,26
3/29/2015 - 3/30/2015,26
3/30/2015 - 3/31/2015,23
3/31/2015 - 4/1/2015,12
4/1/2015 - 4/2/2015,27
4/2/2015 - 4/3/2015,14
4/3/2015 - 4/4/2015,11
4/4/2015 - 4/5/2015,24
4/5/2015 - 4/6/2015,25
4/6/2015 - 4/7/2015,15
4/7/2015 - 4/8/2015,8
4/8/2015 - 4/9/2015,20
4/9/2015 - 4/10/2015,9
4/10/2015 - 4/11/2015,14
4/11/2015 - 4/12/2015,20
4/12/2015 - 4/13/2015,33
4/13/2015 - 4/14/2015,22
4/14/2015 - 4/15/2015,13
4/15/2015 - 4/16/2015,21
4/16/2015 - 4/17/2015,14
4/17/2015 - 4/18/2015,24
4/18/2015 - 4/19/2015,34
4/19/2015 - 4/20/2015,26
4/20/2015 - 4/21/2015,10
4/21/2015 - 4/22/2015,14
4/22/2015 - 4/23/2015,16
4/23/2015 - 4/24/2015,24
4/24/2015 - 4/25/2015,38
4/25/2015 - 4/26/2015,18
4/26/2015 - 4/27/2015,59
4/27/2015 - 4/28/2015,22
4/28/2015 - 4/29/2015,20
4/29/2015 - 4/30/2015,18
4/30/2015 - 5/1/2015,26
5/1/2015 - 5/2/2015,25
5/2/2015 - 5/3/2015,37
5/3/2015 - 5/4/2015,40
5/4/2015 - 5/5/2015,32
5/5/2015 - 5/6/2015,35
5/6/2015 - 5/7/2015,27
5/7/2015 - 5/8/2015,24
5/8/2015 - 5/9/2015,28
5/9/2015 - 5/10/2015,61
5/10/2015 - 5/11/2015,29
5/11/2015 - 5/12/2015,22
5/12/2015 - 5/13/2015,25
5/13/2015 - 5/14/2015,23
5/14/2015 - 5/15/2015,16
5/15/2015 - 5/16/2015,22
5/16/2015 - 5/17/2015,20
5/17/2015 - 5/18/2015,33
5/18/2015 - 5/19/2015,14
5/19/2015 - 5/20/2015,12
5/20/2015 - 5/21/2015,17
5/21/2015 - 5/22/2015,12
5/22/2015 - 5/23/2015,23
5/23/2015 - 5/24/2015,13
5/24/2015 - 5/25/2015,14
5/25/2015 - 5/26/2015,3
5/26/2015 - 5/27/2015,8
5/27/2015 - 5/28/2015,4
5/28/2015 - 5/29/2015,10
5/29/2015 - 5/30/2015,8
5/30/2015 - 5/31/2015,10
5/31/2015 - 6/1/2015,13
6/1/2015 - 6/2/2015,9
6/2/2015 - 6/3/2015,10
6/3/2015 - 6/4/2015,8
6/4/2015 - 6/5/2015,17
6/5/2015 - 6/6/2015,7
6/6/2015 - 6/7/2015,14
6/7/2015 - 6/8/2015,17
6/8/2015 - 6/9/2015,4
6/9/2015 - 6/10/2015,5
6/10/2015 - 6/11/2015,14
6/11/2015 - 6/12/2015,5
6/12/2015 - 6/13/2015,7
6/13/2015 - 6/14/2015,9
6/14/2015 - 6/15/2015,9
6/15/2015 - 6/16/2015,7
6/16/2015 - 6/17/2015,8
6/17/2015 - 6/18/2015,7
6/18/2015 - 6/19/2015,6
6/19/2015 - 6/20/2015,4
6/20/2015 - 6/21/2015,14
6/21/2015 - 6/22/2015,17
6/22/2015 - 6/23/2015,5
6/23/2015 - 6/24/2015,7
6/24/2015 - 6/25/2015,9
6/25/2015 - 6/26/2015,14
6/26/2015 - 6/27/2015,12
6/27/2015 - 6/28/2015,9
6/28/2015 - 6/29/2015,13
6/29/2015 - 6/30/2015,5
6/30/2015 - 7/1/2015,15
7/1/2015 - 7/2/2015,10
7/2/2015 - 7/3/2015,10
7/3/2015 - 7/4/2015,15
7/4/2015 - 7/5/2015,15
7/5/2015 - 7/6/2015,10
7/6/2015 - 7/7/2015,3
7/7/2015 - 7/8/2015,4
7/8/2015 - 7/9/2015,3
7/9/2015 - 7/10/2015,4
7/10/2015 - 7/11/2015,9
7/11/2015 - 7/12/2015,15
7/12/2015 - 7/13/2015,17
7/13/2015 - 7/14/2015,5
7/14/2015 - 7/15/2015,5
7/15/2015 - 7/16/2015,12
7/16/2015 - 7/17/2015,6
7/17/2015 - 7/18/2015,0
7/18/2015 - 7/19/2015,10
7/19/2015 - 7/20/2015,7
7/20/2015 - 7/21/2015,3
7/21/2015 - 7/22/2015,8
7/22/2015 - 7/23/2015,5
7/23/2015 - 7/24/2015,13
7/24/2015 - 7/25/2015,5
7/25/2015 - 7/26/2015,20
7/26/2015 - 7/27/2015,10
7/27/2015 - 7/28/2015,3
7/28/2015 - 7/29/2015,2
7/29/2015 - 7/30/2015,4
7/30/2015 - 7/31/2015,6
7/31/2015 - 8/1/2015,3
8/1/2015 - 8/2/2015,7
8/2/2015 - 8/3/2015,2
8/3/2015 - 8/4/2015,4
8/4/2015 - 8/5/2015,5
8/5/2015 - 8/6/2015,2
8/6/2015 - 8/7/2015,2
8/7/2015 - 8/8/2015,8
8/8/2015 - 8/9/2015,10
8/9/2015 - 8/10/2015,7
8/10/2015 - 8/11/2015,5
8/11/2015 - 8/12/2015,5
8/12/2015 - 8/13/2015,4
8/13/2015 - 8/14/2015,3
8/14/2015 - 8/15/2015,2
8/15/2015 - 8/16/2015,7
8/16/2015 - 8/17/2015,9
8/17/2015 - 8/18/2015,3
8/18/2015 - 8/19/2015,6
8/19/2015 - 8/20/2015,3
8/20/2015 - 8/21/2015,4
8/21/2015 - 8/22/2015,2
8/22/2015 - 8/23/2015,11
8/23/2015 - 8/24/2015,7
8/24/2015 - 8/25/2015,6
8/25/2015 - 8/26/2015,9
8/26/2015 - 8/27/2015,6
8/27/2015 - 8/28/2015,7
8/28/2015 - 8/29/2015,10
8/29/2015 - 8/30/2015,9
8/30/2015 - 8/31/2015,15
8/31/2015 - 9/1/2015,5
9/1/2015 - 9/2/2015,9
9/2/2015 - 9/3/2015,5
9/3/2015 - 9/4/2015,2
9/4/2015 - 9/5/2015,6
9/5/2015 - 9/6/2015,18
9/6/2015 - 9/7/2015,13
9/7/2015 - 9/8/2015,7
9/8/2015 - 9/9/2015,5
9/9/2015 - 9/10/2015,6
9/10/2015 - 9/11/2015,7
9/11/2015 - 9/12/2015,2
9/12/2015 - 9/13/2015,6
9/13/2015 - 9/14/2015,18
9/14/2015 - 9/15/2015,3
9/15/2015 - 9/16/2015,9
9/16/2015 - 9/17/2015,5
9/17/2015 - 9/18/2015,2
9/18/2015 - 9/19/2015,2
9/19/2015 - 9/20/2015,8
9/20/2015 - 9/21/2015,13
9/21/2015 - 9/22/2015,3
9/22/2015 - 9/23/2015,5
9/23/2015 - 9/24/2015,2
9/24/2015 - 9/25/2015,7
9/25/2015 - 9/26/2015,6
9/26/2015 - 9/27/2015,7
9/27/2015 - 9/28/2015,19
9/28/2015 - 9/29/2015,7
9/29/2015 - 9/30/2015,1
9/30/2015 - 10/1/2015,5
10/1/2015 - 10/2/2015,6
10/2/2015 - 10/3/2015,1
10/3/2015 - 10/4/2015,7
10/4/2015 - 10/5/2015,11
10/5/2015 - 10/6/2015,7
10/6/2015 - 10/7/2015,5
10/7/2015 - 10/8/2015,13
10/8/2015 - 10/9/2015,6
10/9/2015 - 10/10/2015,10
10/10/2015 - 10/11/2015,15
10/11/2015 - 10/12/2015,19
10/12/2015 - 10/13/2015,7
10/13/2015 - 10/14/2015,6
10/14/2015 - 10/15/2015,7
10/15/2015 - 10/16/2015,10
10/16/2015 - 10/17/2015,9
10/17/2015 - 10/18/2015,13
10/18/2015 - 10/19/2015,12
10/19/2015 - 10/20/2015,3
10/20/2015 - 10/21/2015,7
10/21/2015 - 10/22/2015,12
10/22/2015 - 10/23/2015,6
10/23/2015 - 10/24/2015,9
10/24/2015 - 10/25/2015,7
10/25/2015 - 10/26/2015,9
10/26/2015 - 10/27/2015,5
10/27/2015 - 10/28/2015,2
10/28/2015 - 10/29/2015,3
10/29/2015 - 10/30/2015,6
10/30/2015 - 10/31/2015,5
10/31/2015 - 11/1/2015,10
11/1/2015 - 11/2/2015,13
11/2/2015 - 11/3/2015,5
11/3/2015 - 11/4/2015,7
11/4/2015 - 11/5/2015,6
11/5/2015 - 11/6/2015,4
11/6/2015 - 11/7/2015,5
11/7/2015 - 11/8/2015,15
11/8/2015 - 11/9/2015,10
11/9/2015 - 11/10/2015,4
11/10/2015 - 11/11/2015,3
11/11/2015 - 11/12/2015,11
11/12/2015 - 11/13/2015,3
11/13/2015 - 11/14/2015,4
11/14/2015 - 11/15/2015,6
11/15/2015 - 11/16/2015,12
11/16/2015 - 11/17/2015,5
11/17/2015 - 11/18/2015,2
11/18/2015 - 11/19/2015,1
11/19/2015 - 11/20/2015,2
11/20/2015 - 11/21/2015,2
11/21/2015 - 11/22/2015,9
11/22/2015 - 11/23/2015,9
11/23/2015 - 11/24/2015,4
11/24/2015 - 11/25/2015,6
11/25/2015 - 11/26/2015,7
11/26/2015 - 11/27/2015,4
11/27/2015 - 11/28/2015,3
11/28/2015 - 11/29/2015,2
11/29/2015 - 11/30/2015,11
11/30/2015 - 12/1/2015,5
12/1/2015 - 12/2/2015,2
12/2/2015 - 12/3/2015,3
12/3/2015 - 12/4/2015,5
12/4/2015 - 12/5/2015,4
12/5/2015 - 12/6/2015,9
12/6/2015 - 12/7/2015,8
12/7/2015 - 12/8/2015,1
12/8/2015 - 12/9/2015,1
12/9/2015 - 12/10/2015,2
12/10/2015 - 12/11/2015,4
12/11/2015 - 12/12/2015,1
12/12/2015 - 12/13/2015,1
12/13/2015 - 12/14/2015,3
12/14/2015 - 12/15/2015,1
12/15/2015 - 12/16/2015,2
12/16/2015 - 12/17/2015,5
12/17/2015 - 12/18/2015,3
12/18/2015 - 12/19/2015,2
12/19/2015 - 12/20/2015,7
12/20/2015 - 12/21/2015,10
12/21/2015 - 12/22/2015,1
12/22/2015 - 12/23/2015,3
12/23/2015 - 12/24/2015,3
12/24/2015 - 12/25/2015,6
12/25/2015 - 12/26/2015,2
12/26/2015 - 12/27/2015,1
12/27/2015 - 12/28/2015,3
12/28/2015 - 12/29/2015,3
12/29/2015 - 12/30/2015,3
12/30/2015 - 12/31/2015,4
12/31/2015 - 1/1/2016,3
1/1/2016 - 1/2/2016,38
1/2/2016 - 1/3/2016,19
1/3/2016 - 1/4/2016,15
1/4/2016 - 1/5/2016,8
1/5/2016 - 1/6/2016,15
1/6/2016 - 1/7/2016,9
1/7/2016 - 1/8/2016,14
1/8/2016 - 1/9/2016,6
1/9/2016 - 1/10/2016,12
1/10/2016 - 1/11/2016,7
1/11/2016 - 1/12/2016,8
1/12/2016 - 1/13/2016,9
1/13/2016 - 1/14/2016,5
1/14/2016 - 1/15/2016,14
1/15/2016 - 1/16/2016,4
1/16/2016 - 1/17/2016,10
1/17/2016 - 1/18/2016,11
1/18/2016 - 1/19/2016,12
1/19/2016 - 1/20/2016,5
1/20/2016 - 1/21/2016,9
1/21/2016 - 1/22/2016,6
1/22/2016 - 1/23/2016,8
1/23/2016 - 1/24/2016,20
1/24/2016 - 1/25/2016,21
1/25/2016 - 1/26/2016,7
1/26/2016 - 1/27/2016,4
1/27/2016 - 1/28/2016,7
1/28/2016 - 1/29/2016,2
1/29/2016 - 1/30/2016,7
1/30/2016 - 1/31/2016,12
1/31/2016 - 2/1/2016,9
2/1/2016 - 2/2/2016,2
2/2/2016 - 2/3/2016,1
2/3/2016 - 2/4/2016,3
2/4/2016 - 2/5/2016,6
2/5/2016 - 2/6/2016,3
2/6/2016 - 2/7/2016,15
2/7/2016 - 2/8/2016,11
2/8/2016 - 2/9/2016,4
2/9/2016 - 2/10/2016,4
2/10/2016 - 2/11/2016,4
2/11/2016 - 2/12/2016,5
2/12/2016 - 2/13/2016,19
2/13/2016 - 2/14/2016,22
2/14/2016 - 2/15/2016,21
2/15/2016 - 2/16/2016,12
2/16/2016 - 2/17/2016,8
2/17/2016 - 2/18/2016,2
2/18/2016 - 2/19/2016,4
2/19/2016 - 2/20/2016,6
2/20/2016 - 2/21/2016,30
2/21/2016 - 2/22/2016,13
2/22/2016 - 2/23/2016,7
2/23/2016 - 2/24/2016,8
2/24/2016 - 2/25/2016,1
2/25/2016 - 2/26/2016,3
2/26/2016 - 2/27/2016,4
2/27/2016 - 2/28/2016,20
2/28/2016 - 2/29/2016,20
2/29/2016 - 3/1/2016,14
3/1/2016 - 3/2/2016,8
3/2/2016 - 3/3/2016,10
3/3/2016 - 3/4/2016,9
3/4/2016 - 3/5/2016,9
3/5/2016 - 3/6/2016,30
3/6/2016 - 3/7/2016,32
3/7/2016 - 3/8/2016,15
3/8/2016 - 3/9/2016,29
3/9/2016 - 3/10/2016,15
3/10/2016 - 3/11/2016,7
3/11/2016 - 3/12/2016,26
3/12/2016 - 3/13/2016,31
3/12/2016 - 3/14/2016,30
3/14/2016 - 3/15/2016,20
3/15/2016 - 3/16/2016,25
3/16/2016 - 3/17/2016,18
3/17/2016 - 3/18/2016,21
3/18/2016 - 3/19/2016,22
3/19/2016 - 3/20/2016,31
3/20/2016 - 3/21/2016,26
3/21/2016 - 3/22/2016,19
3/22/2016 - 3/23/2016,13
3/23/2016 - 3/24/2016,25
3/24/2016 - 3/25/2016,20
3/25/2016 - 3/26/2016,29
3/26/2016 - 3/27/2016,48
3/27/2016 - 3/28/2016,15
3/28/2016 - 3/29/2016,13
3/29/2016 - 3/30/2016,29
3/30/2016 - 3/31/2016,22
3/31/2016 - 4/1/2016,11
4/1/2016 - 4/2/2016,21
4/2/2016 - 4/3/2016,21
4/3/2016 - 4/4/2016,44
4/4/2016 - 4/5/2016,24
4/5/2016 - 4/6/2016,13
4/6/2016 - 4/7/2016,12
4/7/2016 - 4/8/2016,12
4/8/2016 - 4/9/2016,17
4/9/2016 - 4/10/2016,19
4/10/2016 - 4/11/2016,24
4/11/2016 - 4/12/2016,16
4/12/2016 - 4/13/2016,35
4/13/2016 - 4/14/2016,34
4/14/2016 - 4/15/2016,24
4/15/2016 - 4/16/2016,37
4/16/2016 - 4/17/2016,50
4/17/2016 - 4/18/2016,46
4/18/2016 - 4/19/2016,38
4/19/2016 - 4/20/2016,27
4/20/2016 - 4/21/2016,35
4/21/2016 - 4/22/2016,33
4/22/2016 - 4/23/2016,42
4/23/2016 - 4/24/2016,63
4/24/2016 - 4/25/2016,61
4/25/2016 - 4/26/2016,33
4/26/2016 - 4/27/2016,39
4/27/2016 - 4/28/2016,41
4/28/2016 - 4/29/2016,40
4/29/2016 - 4/30/2016,69
4/30/2016 - 5/1/2016,52
5/1/2016 - 5/2/2016,92
5/2/2016 - 5/3/2016,37
5/3/2016 - 5/4/2016,51
5/4/2016 - 5/5/2016,32
5/5/2016 - 5/6/2016,44
5/6/2016 - 5/7/2016,39
5/7/2016 - 5/8/2016,47
5/8/2016 - 5/9/2016,45
5/9/2016 - 5/10/2016,27
5/10/2016 - 5/11/2016,38
5/11/2016 - 5/12/2016,29
5/12/2016 - 5/13/2016,25
5/13/2016 - 5/14/2016,48
5/14/2016 - 5/15/2016,114
5/15/2016 - 5/16/2016,57
5/16/2016 - 5/17/2016,34
5/17/2016 - 5/18/2016,26
5/18/2016 - 5/19/2016,35
5/19/2016 - 5/20/2016,33
5/20/2016 - 5/21/2016,24
5/21/2016 - 5/22/2016,33
5/22/2016 - 5/23/2016,47
5/23/2016 - 5/24/2016,18
5/24/2016 - 5/25/2016,20
5/25/2016 - 5/26/2016,11
5/26/2016 - 5/27/2016,13
5/27/2016 - 5/28/2016,17
5/28/2016 - 5/29/2016,29
5/29/2016 - 5/30/2016,25
5/30/2016 - 5/31/2016,26
5/31/2016 - 6/1/2016,7
6/1/2016 - 6/2/2016,14
6/2/2016 - 6/3/2016,15
6/3/2016 - 6/4/2016,19
6/4/2016 - 6/5/2016,19
6/5/2016 - 6/6/2016,38
6/6/2016 - 6/7/2016,14
6/7/2016 - 6/8/2016,14
6/8/2016 - 6/9/2016,17
6/9/2016 - 6/10/2016,14
6/10/2016 - 6/11/2016,16
6/11/2016 - 6/12/2016,23
6/12/2016 - 6/13/2016,28
6/13/2016 - 6/14/2016,11
6/14/2016 - 6/15/2016,13
6/15/2016 - 6/16/2016,7
6/16/2016 - 6/17/2016,22
6/17/2016 - 6/18/2016,16
6/18/2016 - 6/19/2016,33
6/19/2016 - 6/20/2016,27
6/20/2016 - 6/21/2016,13
6/21/2016 - 6/22/2016,9
6/22/2016 - 6/23/2016,8
6/23/2016 - 6/24/2016,10
6/24/2016 - 6/25/2016,10
6/25/2016 - 6/26/2016,28
6/26/2016 - 6/27/2016,19
6/27/2016 - 6/28/2016,8
6/28/2016 - 6/29/2016,9
6/29/2016 - 6/30/2016,15
6/30/2016 - 7/1/2016,15
7/1/2016 - 7/2/2016,16
7/2/2016 - 7/3/2016,29
7/3/2016 - 7/4/2016,10
7/4/2016 - 7/5/2016,14
7/5/2016 - 7/6/2016,13
7/6/2016 - 7/7/2016,18
7/7/2016 - 7/8/2016,8
7/8/2016 - 7/9/2016,11
7/9/2016 - 7/10/2016,21
7/10/2016 - 7/11/2016,20
7/11/2016 - 7/12/2016,11
7/12/2016 - 7/13/2016,10
7/13/2016 - 7/14/2016,9
7/14/2016 - 7/15/2016,11
7/15/2016 - 7/16/2016,10
7/16/2016 - 7/17/2016,21
7/17/2016 - 7/18/2016,13
7/18/2016 - 7/19/2016,12
7/19/2016 - 7/20/2016,9
7/20/2016 - 7/21/2016,9
7/21/2016 - 7/22/2016,7
7/22/2016 - 7/23/2016,6
7/23/2016 - 7/24/2016,7
7/24/2016 - 7/25/2016,11
7/25/2016 - 7/26/2016,4
7/26/2016 - 7/27/2016,15
7/27/2016 - 7/28/2016,10
7/28/2016 - 7/29/2016,8
7/29/2016 - 7/30/2016,3
7/30/2016 - 7/31/2016,8
7/31/2016 - 8/1/2016,12
8/1/2016 - 8/2/2016,5
8/2/2016 - 8/3/2016,5
8/3/2016 - 8/4/2016,11
8/4/2016 - 8/5/2016,4
8/5/2016 - 8/6/2016,2
8/6/2016 - 8/7/2016,13
8/7/2016 - 8/8/2016,11
8/8/2016 - 8/9/2016,8
8/9/2016 - 8/10/2016,7
8/10/2016 - 8/11/2016,8
8/11/2016 - 8/12/2016,2
8/12/2016 - 8/13/2016,5
8/13/2016 - 8/14/2016,10
8/14/2016 - 8/15/2016,9
8/15/2016 - 8/16/2016,2
8/16/2016 - 8/17/2016,4
8/17/2016 - 8/18/2016,8
8/18/2016 - 8/19/2016,1
8/19/2016 - 8/20/2016,2
8/20/2016 - 8/21/2016,4
8/21/2016 - 8/22/2016,13
8/22/2016 - 8/23/2016,4
8/23/2016 - 8/24/2016,4
8/24/2016 - 8/25/2016,2
8/25/2016 - 8/26/2016,0
8/26/2016 - 8/27/2016,3
8/27/2016 - 8/28/2016,9
8/28/2016 - 8/29/2016,7
8/29/2016 - 8/30/2016,4
8/30/2016 - 8/31/2016,5
8/31/2016 - 9/1/2016,6
9/1/2016 - 9/2/2016,6
9/2/2016 - 9/3/2016,10
9/3/2016 - 9/4/2016,14
9/4/2016 - 9/5/2016,19
9/5/2016 - 9/6/2016,14
9/6/2016 - 9/7/2016,9
9/7/2016 - 9/8/2016,4
9/8/2016 - 9/9/2016,8
9/9/2016 - 9/10/2016,10
9/10/2016 - 9/11/2016,6
9/11/2016 - 9/12/2016,27
9/12/2016 - 9/13/2016,7
9/13/2016 - 9/14/2016,5
9/14/2016 - 9/15/2016,4
9/15/2016 - 9/16/2016,10
9/16/2016 - 9/17/2016,7
9/17/2016 - 9/18/2016,13
9/18/2016 - 9/19/2016,22
9/19/2016 - 9/20/2016,4
9/20/2016 - 9/21/2016,8
9/21/2016 - 9/22/2016,9
9/22/2016 - 9/23/2016,11
9/23/2016 - 9/24/2016,11
9/24/2016 - 9/25/2016,29
9/25/2016 - 9/26/2016,20
9/26/2016 - 9/27/2016,7
9/27/2016 - 9/28/2016,12
9/28/2016 - 9/29/2016,7
9/29/2016 - 9/30/2016,7
9/30/2016 - 10/1/2016,8
10/1/2016 - 10/2/2016,24
10/2/2016 - 10/3/2016,21
10/3/2016 - 10/4/2016,13
10/4/2016 - 10/5/2016,12
10/5/2016 - 10/6/2016,14
10/6/2016 - 10/7/2016,9
10/7/2016 - 10/8/2016,12
10/8/2016 - 10/9/2016,22
10/9/2016 - 10/10/2016,33
10/10/2016 - 10/11/2016,8
10/11/2016 - 10/12/2016,5
10/12/2016 - 10/13/2016,11
10/13/2016 - 10/14/2016,14
10/14/2016 - 10/15/2016,9
10/15/2016 - 10/16/2016,25
10/16/2016 - 10/17/2016,22
10/17/2016 - 10/18/2016,7
10/18/2016 - 10/19/2016,6
10/19/2016 - 10/20/2016,9
10/20/2016 - 10/21/2016,2
10/21/2016 - 10/22/2016,11
10/22/2016 - 10/23/2016,21
10/23/2016 - 10/24/2016,20
10/24/2016 - 10/25/2016,13
10/25/2016 - 10/26/2016,9
10/26/2016 - 10/27/2016,18
10/27/2016 - 10/28/2016,8
10/28/2016 - 10/29/2016,10
10/29/2016 - 10/30/2016,12
10/30/2016 - 10/31/2016,21
10/31/2016 - 11/1/2016,13
11/1/2016 - 11/2/2016,15
11/2/2016 - 11/3/2016,15
11/3/2016 - 11/4/2016,3
11/4/2016 - 11/5/2016,10
11/5/2016 - 11/6/2016,20
11/6/2016 - 11/7/2016,17
11/7/2016 - 11/8/2016,5
11/8/2016 - 11/9/2016,9
11/9/2016 - 11/10/2016,9
11/10/2016 - 11/11/2016,7
11/11/2016 - 11/12/2016,8
11/12/2016 - 11/13/2016,13
11/13/2016 - 11/14/2016,15
11/14/2016 - 11/15/2016,11
11/15/2016 - 11/16/2016,2
11/16/2016 - 11/17/2016,3
11/17/2016 - 11/18/2016,7
11/18/2016 - 11/19/2016,7
11/19/2016 - 11/20/2016,7
11/20/2016 - 11/21/2016,13
11/21/2016 - 11/22/2016,4
11/22/2016 - 11/23/2016,1
11/23/2016 - 11/24/2016,2
11/24/2016 - 11/25/2016,5
11/25/2016 - 11/26/2016,4
11/26/2016 - 11/27/2016,4
11/27/2016 - 11/28/2016,11
11/28/2016 - 11/29/2016,0
11/29/2016 - 11/30/2016,3
11/30/2016 - 12/1/2016,5
12/1/2016 - 12/2/2016,5
12/2/2016 - 12/3/2016,6
12/3/2016 - 12/4/2016,10
12/4/2016 - 12/5/2016,5
12/5/2016 - 12/6/2016,1
12/6/2016 - 12/7/2016,0
12/7/2016 - 12/8/2016,3
12/8/2016 - 12/9/2016,4
12/9/2016 - 12/10/2016,0
12/10/2016 - 12/11/2016,7
12/11/2016 - 12/12/2016,6
12/12/2016 - 12/13/2016,3
12/13/2016 - 12/14/2016,1
12/14/2016 - 12/15/2016,5
12/15/2016 - 12/16/2016,5
12/16/2016 - 12/17/2016,5
12/17/2016 - 12/18/2016,12
12/18/2016 - 12/19/2016,6
12/19/2016 - 12/20/2016,3
12/20/2016 - 12/21/2016,8
12/21/2016 - 12/22/2016,5
12/22/2016 - 12/23/2016,7
12/23/2016 - 12/24/2016,9
12/24/2016 - 12/25/2016,2
12/25/2016 - 12/26/2016,4
12/26/2016 - 12/27/2016,2
12/27/2016 - 12/28/2016,3
12/28/2016 - 12/29/2016,3
12/29/2016 - 12/30/2016,5
12/30/2016 - 12/31/2016,4
12/31/2016 - 1/1/2017,6
1/1/2017 - 1/2/2017,24
1/2/2017 - 1/3/2017,20
1/3/2017 - 1/4/2017,3
1/4/2017 - 1/5/2017,5
1/5/2017 - 1/6/2017,6
1/6/2017 - 1/7/2017,8
1/7/2017 - 1/8/2017,4
1/8/2017 - 1/9/2017,6
1/9/2017 - 1/10/2017,3
1/10/2017 - 1/11/2017,1
1/11/2017 - 1/12/2017,6
1/12/2017 - 1/13/2017,2
1/13/2017 - 1/14/2017,7
1/14/2017 - 1/15/2017,8
1/15/2017 - 1/16/2017,10
1/16/2017 - 1/17/2017,11
1/17/2017 - 1/18/2017,6
1/18/2017 - 1/19/2017,5
1/19/2017 - 1/20/2017,3
1/20/2017 - 1/21/2017,4
1/21/2017 - 1/22/2017,28
1/22/2017 - 1/23/2017,12
1/23/2017 - 1/24/2017,5
1/24/2017 - 1/25/2017,1
1/25/2017 - 1/26/2017,3
1/26/2017 - 1/27/2017,6
1/27/2017 - 1/28/2017,2
1/28/2017 - 1/29/2017,10
1/29/2017 - 1/30/2017,10
1/30/2017 - 1/31/2017,3
1/31/2017 - 2/1/2017,9
2/1/2017 - 2/2/2017,5
2/2/2017 - 2/3/2017,2
2/3/2017 - 2/4/2017,9
2/4/2017 - 2/5/2017,13
2/5/2017 - 2/6/2017,15
2/6/2017 - 2/7/2017,6
2/7/2017 - 2/8/2017,5
2/8/2017 - 2/9/2017,7
2/9/2017 - 2/10/2017,2
2/10/2017 - 2/11/2017,4
2/11/2017 - 2/12/2017,26
2/12/2017 - 2/13/2017,8
2/13/2017 - 2/14/2017,13
2/14/2017 - 2/15/2017,8
2/15/2017 - 2/16/2017,5
2/16/2017 - 2/17/2017,3
2/17/2017 - 2/18/2017,17
2/18/2017 - 2/19/2017,42
2/19/2017 - 2/20/2017,49
2/20/2017 - 2/21/2017,20
2/21/2017 - 2/22/2017,10
2/22/2017 - 2/23/2017,14
2/23/2017 - 2/24/2017,14
2/24/2017 - 2/25/2017,9
2/25/2017 - 2/26/2017,14
2/26/2017 - 2/27/2017,47
2/27/2017 - 2/28/2017,21
2/28/2017 - 3/1/2017,9
3/1/2017 - 3/2/2017,11
3/2/2017 - 3/3/2017,10
3/3/2017 - 3/4/2017,16
3/4/2017 - 3/5/2017,30
3/5/2017 - 3/6/2017,36
3/6/2017 - 3/7/2017,7
3/7/2017 - 3/8/2017,16
3/8/2017 - 3/9/2017,12
3/9/2017 - 3/10/2017,28
3/10/2017 - 3/11/2017,19
3/11/2017 - 3/12/2017,25
3/11/2017 - 3/13/2017,26
3/13/2017 - 3/14/2017,12
3/14/2017 - 3/15/2017,14
3/15/2017 - 3/16/2017,11
3/16/2017 - 3/17/2017,16
3/17/2017 - 3/18/2017,12
3/18/2017 - 3/19/2017,33
3/19/2017 - 3/20/2017,40
3/20/2017 - 3/21/2017,23
3/21/2017 - 3/22/2017,16
3/22/2017 - 3/23/2017,18
3/23/2017 - 3/24/2017,19
3/24/2017 - 3/25/2017,24
3/25/2017 - 3/26/2017,56
3/26/2017 - 3/27/2017,30
3/27/2017 - 3/28/2017,25
3/28/2017 - 3/29/2017,34
3/29/2017 - 3/30/2017,27
3/30/2017 - 3/31/2017,16
3/31/2017 - 4/1/2017,22
4/1/2017 - 4/2/2017,49
4/2/2017 - 4/3/2017,52
4/3/2017 - 4/4/2017,27
4/4/2017 - 4/5/2017,35
4/5/2017 - 4/6/2017,32
4/6/2017 - 4/7/2017,9
4/7/2017 - 4/8/2017,36
4/8/2017 - 4/9/2017,57
4/9/2017 - 4/10/2017,47
4/10/2017 - 4/11/2017,18
4/11/2017 - 4/12/2017,47
4/12/2017 - 4/13/2017,46
4/13/2017 - 4/14/2017,24
4/14/2017 - 4/15/2017,45
4/15/2017 - 4/16/2017,55
4/16/2017 - 4/17/2017,41
4/17/2017 - 4/18/2017,53
4/18/2017 - 4/19/2017,39
4/19/2017 - 4/20/2017,32
4/20/2017 - 4/21/2017,32
4/21/2017 - 4/22/2017,52
4/22/2017 - 4/23/2017,53
4/23/2017 - 4/24/2017,71
4/24/2017 - 4/25/2017,43
4/25/2017 - 4/26/2017,44
4/26/2017 - 4/27/2017,64
4/27/2017 - 4/28/2017,45
4/28/2017 - 4/29/2017,52
4/29/2017 - 4/30/2017,47
4/30/2017 - 5/1/2017,59
5/1/2017 - 5/2/2017,32
5/2/2017 - 5/3/2017,39
5/3/2017 - 5/4/2017,41
5/4/2017 - 5/5/2017,19
5/5/2017 - 5/6/2017,28
5/6/2017 - 5/7/2017,60
5/7/2017 - 5/8/2017,92
5/8/2017 - 5/9/2017,55
5/9/2017 - 5/10/2017,53
5/10/2017 - 5/11/2017,63
5/11/2017 - 5/12/2017,42
5/12/2017 - 5/13/2017,41
5/13/2017 - 5/14/2017,107
5/14/2017 - 5/15/2017,46
5/15/2017 - 5/16/2017,49
5/16/2017 - 5/17/2017,36
5/17/2017 - 5/18/2017,29
5/18/2017 - 5/19/2017,35
5/19/2017 - 5/20/2017,44
5/20/2017 - 5/21/2017,52
5/21/2017 - 5/22/2017,50
5/22/2017 - 5/23/2017,20
5/23/2017 - 5/24/2017,28
5/24/2017 - 5/25/2017,18
5/25/2017 - 5/26/2017,13
5/26/2017 - 5/27/2017,28
5/27/2017 - 5/28/2017,30
5/28/2017 - 5/29/2017,26
5/29/2017 - 5/30/2017,30
5/30/2017 - 5/31/2017,11
5/31/2017 - 6/1/2017,16
6/1/2017 - 6/2/2017,19
6/2/2017 - 6/3/2017,11
6/3/2017 - 6/4/2017,33
6/4/2017 - 6/5/2017,17
6/5/2017 - 6/6/2017,12
6/6/2017 - 6/7/2017,13
6/7/2017 - 6/8/2017,18
6/8/2017 - 6/9/2017,18
6/9/2017 - 6/10/2017,16
6/10/2017 - 6/11/2017,16
6/11/2017 - 6/12/2017,26
6/12/2017 - 6/13/2017,16
6/13/2017 - 6/14/2017,12
6/14/2017 - 6/15/2017,9
6/15/2017 - 6/16/2017,7
6/16/2017 - 6/17/2017,17
6/17/2017 - 6/18/2017,27
6/18/2017 - 6/19/2017,13
6/19/2017 - 6/20/2017,16
6/20/2017 - 6/21/2017,12
6/21/2017 - 6/22/2017,21
6/22/2017 - 6/23/2017,13
6/23/2017 - 6/24/2017,5
6/24/2017 - 6/25/2017,19
6/25/2017 - 6/26/2017,17
6/26/2017 - 6/27/2017,27
6/27/2017 - 6/28/2017,16
6/28/2017 - 6/29/2017,16
6/29/2017 - 6/30/2017,12
6/30/2017 - 7/1/2017,5
7/1/2017 - 7/2/2017,28
7/2/2017 - 7/3/2017,21
7/3/2017 - 7/4/2017,11
7/4/2017 - 7/5/2017,21
7/5/2017 - 7/6/2017,9
7/6/2017 - 7/7/2017,19
7/7/2017 - 7/8/2017,13
7/8/2017 - 7/9/2017,27
7/9/2017 - 7/10/2017,25
7/10/2017 - 7/11/2017,15
7/11/2017 - 7/12/2017,9
7/12/2017 - 7/13/2017,9
7/13/2017 - 7/14/2017,9
7/14/2017 - 7/15/2017,10
7/15/2017 - 7/16/2017,31
7/16/2017 - 7/17/2017,14
7/17/2017 - 7/18/2017,15
7/18/2017 - 7/19/2017,11
7/19/2017 - 7/20/2017,9
7/20/2017 - 7/21/2017,7
7/21/2017 - 7/22/2017,6
7/22/2017 - 7/23/2017,6
7/23/2017 - 7/24/2017,20
7/24/2017 - 7/25/2017,10
7/25/2017 - 7/26/2017,15
7/26/2017 - 7/27/2017,3
7/27/2017 - 7/28/2017,8
7/28/2017 - 7/29/2017,10
7/29/2017 - 7/30/2017,17
7/30/2017 - 7/31/2017,14
7/31/2017 - 8/1/2017,12
8/1/2017 - 8/2/2017,13
8/2/2017 - 8/3/2017,4
8/3/2017 - 8/4/2017,4
8/4/2017 - 8/5/2017,5
8/5/2017 - 8/6/2017,12
8/6/2017 - 8/7/2017,12
8/7/2017 - 8/8/2017,7
8/8/2017 - 8/9/2017,8
8/9/2017 - 8/10/2017,10
8/10/2017 - 8/11/2017,6
8/11/2017 - 8/12/2017,6
8/12/2017 - 8/13/2017,12
8/13/2017 - 8/14/2017,12
8/14/2017 - 8/15/2017,7
8/15/2017 - 8/16/2017,5
8/16/2017 - 8/17/2017,6
8/17/2017 - 8/18/2017,7
8/18/2017 - 8/19/2017,13
8/19/2017 - 8/20/2017,9
8/20/2017 - 8/21/2017,12
8/21/2017 - 8/22/2017,6
8/22/2017 - 8/23/2017,5
8/23/2017 - 8/24/2017,12
8/24/2017 - 8/25/2017,14
8/25/2017 - 8/26/2017,16
8/26/2017 - 8/27/2017,18
8/27/2017 - 8/28/2017,20
8/28/2017 - 8/29/2017,11
8/29/2017 - 8/30/2017,11
8/30/2017 - 8/31/2017,10
8/31/2017 - 9/1/2017,8
9/1/2017 - 9/2/2017,11
9/2/2017 - 9/3/2017,31
9/3/2017 - 9/4/2017,32
9/4/2017 - 9/5/2017,18
9/5/2017 - 9/6/2017,10
9/6/2017 - 9/7/2017,11
9/7/2017 - 9/8/2017,13
9/8/2017 - 9/9/2017,13
9/9/2017 - 9/10/2017,28
9/10/2017 - 9/11/2017,21
9/11/2017 - 9/12/2017,13
9/12/2017 - 9/13/2017,9
9/13/2017 - 9/14/2017,8
9/14/2017 - 9/15/2017,24
9/15/2017 - 9/16/2017,15
9/16/2017 - 9/17/2017,32
9/17/2017 - 9/18/2017,19
9/18/2017 - 9/19/2017,3
9/19/2017 - 9/20/2017,10
9/20/2017 - 9/21/2017,11
9/21/2017 - 9/22/2017,2
9/22/2017 - 9/23/2017,9
9/23/2017 - 9/24/2017,20
9/24/2017 - 9/25/2017,20
9/25/2017 - 9/26/2017,10
9/26/2017 - 9/27/2017,9
9/27/2017 - 9/28/2017,12
9/28/2017 - 9/29/2017,17
9/29/2017 - 9/30/2017,11
9/30/2017 - 10/1/2017,23
10/1/2017 - 10/2/2017,29
10/2/2017 - 10/3/2017,9
10/3/2017 - 10/4/2017,10
10/4/2017 - 10/5/2017,10
10/5/2017 - 10/6/2017,6
10/6/2017 - 10/7/2017,8
10/7/2017 - 10/8/2017,16
10/8/2017 - 10/9/2017,26
10/9/2017 - 10/10/2017,22
10/10/2017 - 10/11/2017,9
10/11/2017 - 10/12/2017,11
10/12/2017 - 10/13/2017,9
10/13/2017 - 10/14/2017,21
10/14/2017 - 10/15/2017,22
10/15/2017 - 10/16/2017,6
10/16/2017 - 10/17/2017,30
10/17/2017 - 10/18/2017,14
10/18/2017 - 10/19/2017,22
10/19/2017 - 10/20/2017,16
10/20/2017 - 10/21/2017,17
10/21/2017 - 10/22/2017,27
10/22/2017 - 10/23/2017,13
10/23/2017 - 10/24/2017,5
10/24/2017 - 10/25/2017,6
10/25/2017 - 10/26/2017,13
10/26/2017 - 10/27/2017,10
10/27/2017 - 10/28/2017,14
10/28/2017 - 10/29/2017,22
10/29/2017 - 10/30/2017,15
10/30/2017 - 10/31/2017,5
10/31/2017 - 11/1/2017,12
11/1/2017 - 11/2/2017,6
11/2/2017 - 11/3/2017,8
11/3/2017 - 11/4/2017,11
11/4/2017 - 11/5/2017,14
11/5/2017 - 11/6/2017,7
11/6/2017 - 11/7/2017,8
11/7/2017 - 11/8/2017,3
11/8/2017 - 11/9/2017,7
11/9/2017 - 11/10/2017,6
11/10/2017 - 11/11/2017,4
11/11/2017 - 11/12/2017,11
11/12/2017 - 11/13/2017,5
11/13/2017 - 11/14/2017,5
11/14/2017 - 11/15/2017,3
11/15/2017 - 11/16/2017,0
11/16/2017 - 11/17/2017,4
11/17/2017 - 11/18/2017,3
11/18/2017 - 11/19/2017,1
11/19/2017 - 11/20/2017,8
11/20/2017 - 11/21/2017,3
11/21/2017 - 11/22/2017,2
11/22/2017 - 11/23/2017,5
11/23/2017 - 11/24/2017,3
11/24/2017 - 11/25/2017,4
11/25/2017 - 11/26/2017,5
11/26/2017 - 11/27/2017,5
11/27/2017 - 11/28/2017,0
11/28/2017 - 11/29/2017,3
11/29/2017 - 11/30/2017,2
11/30/2017 - 12/1/2017,0
12/1/2017 - 12/2/2017,5
12/2/2017 - 12/3/2017,4
12/3/2017 - 12/4/2017,6
12/4/2017 - 12/5/2017,0
12/5/2017 - 12/6/2017,4
12/6/2017 - 12/7/2017,1
12/7/2017 - 12/8/2017,1
12/8/2017 - 12/9/2017,2
12/9/2017 - 12/10/2017,7
12/10/2017 - 12/11/2017,2
12/11/2017 - 12/12/2017,1
12/12/2017 - 12/13/2017,0
12/13/2017 - 12/14/2017,0
12/14/2017 - 12/15/2017,2
12/15/2017 - 12/16/2017,1
12/16/2017 - 12/17/2017,11
12/17/2017 - 12/18/2017,5
12/18/2017 - 12/19/2017,1
12/19/2017 - 12/20/2017,1
12/20/2017 - 12/21/2017,1
12/21/2017 - 12/22/2017,3
12/22/2017 - 12/23/2017,1
12/23/2017 - 12/24/2017,0
12/24/2017 - 12/25/2017,3
12/25/2017 - 12/26/2017,1
12/26/2017 - 12/27/2017,2
12/27/2017 - 12/28/2017,0
12/28/2017 - 12/29/2017,1
12/29/2017 - 12/30/2017,3
12/30/2017 - 12/31/2017,4
12/31/2017 - 1/1/2018,2
1/1/2018 - 1/2/2018,14
1/2/2018 - 1/3/2018,5
1/3/2018 - 1/4/2018,5
1/4/2018 - 1/5/2018,3
1/5/2018 - 1/6/2018,2
1/6/2018 - 1/7/2018,6
1/7/2018 - 1/8/2018,6
1/8/2018 - 1/9/2018,1
1/9/2018 - 1/10/2018,5
1/10/2018 - 1/11/2018,10
1/11/2018 - 1/12/2018,7
1/12/2018 - 1/13/2018,6
1/13/2018 - 1/14/2018,9
1/14/2018 - 1/15/2018,12
1/15/2018 - 1/16/2018,11
1/16/2018 - 1/17/2018,1
1/17/2018 - 1/18/2018,4
1/18/2018 - 1/19/2018,4
1/19/2018 - 1/20/2018,6
1/20/2018 - 1/21/2018,8
1/21/2018 - 1/22/2018,10
1/22/2018 - 1/23/2018,2
1/23/2018 - 1/24/2018,3
1/24/2018 - 1/25/2018,4
1/25/2018 - 1/26/2018,6
1/26/2018 - 1/27/2018,4
1/27/2018 - 1/28/2018,4
1/28/2018 - 1/29/2018,8
1/29/2018 - 1/30/2018,3
1/30/2018 - 1/31/2018,5
1/31/2018 - 2/1/2018,4
2/1/2018 - 2/2/2018,7
2/2/2018 - 2/3/2018,3
2/3/2018 - 2/4/2018,7
2/4/2018 - 2/5/2018,7
2/5/2018 - 2/6/2018,3
2/6/2018 - 2/7/2018,3
2/7/2018 - 2/8/2018,5
2/8/2018 - 2/9/2018,8
2/9/2018 - 2/10/2018,4
2/10/2018 - 2/11/2018,5
2/11/2018 - 2/12/2018,7
2/12/2018 - 2/13/2018,1
2/13/2018 - 2/14/2018,2
2/14/2018 - 2/15/2018,3
2/15/2018 - 2/16/2018,7
2/16/2018 - 2/17/2018,9
2/17/2018 - 2/18/2018,8
2/18/2018 - 2/19/2018,16
2/19/2018 - 2/20/2018,6
2/20/2018 - 2/21/2018,18
2/21/2018 - 2/22/2018,5
2/22/2018 - 2/23/2018,13
2/23/2018 - 2/24/2018,19
2/24/2018 - 2/25/2018,27
2/25/2018 - 2/26/2018,25
2/26/2018 - 2/27/2018,28
2/27/2018 - 2/28/2018,30
2/28/2018 - 3/1/2018,21
3/1/2018 - 3/2/2018,7
3/2/2018 - 3/3/2018,21
3/3/2018 - 3/4/2018,61
3/4/2018 - 3/5/2018,39
3/5/2018 - 3/6/2018,27
3/6/2018 - 3/7/2018,20
3/7/2018 - 3/8/2018,15
3/8/2018 - 3/9/2018,16
3/9/2018 - 3/10/2018,29
3/10/2018 - 3/11/2018,36
3/10/2018 - 3/12/2018,28
3/12/2018 - 3/13/2018,22
3/13/2018 - 3/14/2018,15
3/14/2018 - 3/15/2018,22
3/15/2018 - 3/16/2018,39
3/16/2018 - 3/17/2018,26
3/17/2018 - 3/18/2018,33
3/18/2018 - 3/19/2018,41
3/19/2018 - 3/20/2018,19
3/20/2018 - 3/21/2018,19
3/21/2018 - 3/22/2018,30
3/22/2018 - 3/23/2018,33
3/23/2018 - 3/24/2018,41
3/24/2018 - 3/25/2018,21
3/25/2018 - 3/26/2018,47
3/26/2018 - 3/27/2018,25
3/27/2018 - 3/28/2018,19
3/28/2018 - 3/29/2018,42
3/29/2018 - 3/30/2018,15
3/30/2018 - 3/31/2018,51
3/31/2018 - 4/1/2018,51
4/1/2018 - 4/2/2018,53
4/2/2018 - 4/3/2018,34
4/3/2018 - 4/4/2018,18
4/4/2018 - 4/5/2018,27
4/5/2018 - 4/6/2018,38
4/6/2018 - 4/7/2018,42
4/7/2018 - 4/8/2018,77
4/8/2018 - 4/9/2018,67
4/9/2018 - 4/10/2018,37
4/10/2018 - 4/11/2018,38
4/11/2018 - 4/12/2018,42
4/12/2018 - 4/13/2018,45
4/13/2018 - 4/14/2018,79
4/14/2018 - 4/15/2018,83
4/15/2018 - 4/16/2018,70
4/16/2018 - 4/17/2018,26
4/17/2018 - 4/18/2018,55
4/18/2018 - 4/19/2018,59
4/19/2018 - 4/20/2018,50
4/20/2018 - 4/21/2018,65
4/21/2018 - 4/22/2018,94
4/22/2018 - 4/23/2018,88
4/23/2018 - 4/24/2018,32
4/24/2018 - 4/25/2018,32
4/25/2018 - 4/26/2018,61
4/26/2018 - 4/27/2018,56
4/27/2018 - 4/28/2018,69
4/28/2018 - 4/29/2018,91
4/29/2018 - 4/30/2018,99
4/30/2018 - 5/1/2018,52
5/1/2018 - 5/2/2018,99
5/2/2018 - 5/3/2018,86
5/3/2018 - 5/4/2018,97
5/4/2018 - 5/5/2018,114
5/5/2018 - 5/6/2018,167
5/6/2018 - 5/7/2018,132
5/7/2018 - 5/8/2018,80
5/8/2018 - 5/9/2018,79
5/9/2018 - 5/10/2018,57
5/10/2018 - 5/11/2018,59
5/11/2018 - 5/12/2018,72
5/12/2018 - 5/13/2018,132
5/13/2018 - 5/14/2018,70
5/14/2018 - 5/15/2018,64
5/15/2018 - 5/16/2018,64
5/16/2018 - 5/17/2018,61
5/17/2018 - 5/18/2018,44
5/18/2018 - 5/19/2018,41
5/19/2018 - 5/20/2018,43
5/20/2018 - 5/21/2018,40
5/21/2018 - 5/22/2018,35
5/22/2018 - 5/23/2018,44
5/23/2018 - 5/24/2018,45
5/24/2018 - 5/25/2018,24
5/25/2018 - 5/26/2018,35
5/26/2018 - 5/27/2018,49
5/27/2018 - 5/28/2018,39
5/28/2018 - 5/29/2018,34
5/29/2018 - 5/30/2018,30
5/30/2018 - 5/31/2018,14
5/31/2018 - 6/1/2018,22
6/1/2018 - 6/2/2018,24
6/2/2018 - 6/3/2018,39
6/3/2018 - 6/4/2018,37
6/4/2018 - 6/5/2018,31
6/5/2018 - 6/6/2018,32
6/6/2018 - 6/7/2018,33
6/7/2018 - 6/8/2018,20
6/8/2018 - 6/9/2018,18
6/9/2018 - 6/10/2018,30
6/10/2018 - 6/11/2018,17
6/11/2018 - 6/12/2018,20
6/12/2018 - 6/13/2018,14
6/13/2018 - 6/14/2018,28
6/14/2018 - 6/15/2018,23
6/15/2018 - 6/16/2018,23
6/16/2018 - 6/17/2018,38
6/17/2018 - 6/18/2018,21
6/18/2018 - 6/19/2018,17
6/19/2018 - 6/20/2018,17
6/20/2018 - 6/21/2018,19
6/21/2018 - 6/22/2018,13
6/22/2018 - 6/23/2018,17
6/23/2018 - 6/24/2018,34
6/24/2018 - 6/25/2018,29
6/25/2018 - 6/26/2018,14
6/26/2018 - 6/27/2018,22
6/27/2018 - 6/28/2018,19
6/28/2018 - 6/29/2018,23
6/29/2018 - 6/30/2018,19
6/30/2018 - 7/1/2018,20
7/1/2018 - 7/2/2018,20
7/2/2018 - 7/3/2018,23
7/3/2018 - 7/4/2018,15
7/4/2018 - 7/5/2018,17
7/5/2018 - 7/6/2018,22
7/6/2018 - 7/7/2018,33
7/7/2018 - 7/8/2018,49
7/8/2018 - 7/9/2018,43
7/9/2018 - 7/10/2018,17
7/10/2018 - 7/11/2018,13
7/11/2018 - 7/12/2018,27
7/12/2018 - 7/13/2018,18
7/13/2018 - 7/14/2018,17
7/14/2018 - 7/15/2018,22
7/15/2018 - 7/16/2018,27
7/16/2018 - 7/17/2018,10
7/17/2018 - 7/18/2018,17
7/18/2018 - 7/19/2018,17
7/19/2018 - 7/20/2018,20
7/20/2018 - 7/21/2018,15
7/21/2018 - 7/22/2018,17
7/22/2018 - 7/23/2018,26
7/23/2018 - 7/24/2018,27
7/24/2018 - 7/25/2018,11
7/25/2018 - 7/26/2018,12
7/26/2018 - 7/27/2018,23
7/27/2018 - 7/28/2018,18
7/28/2018 - 7/29/2018,37
7/29/2018 - 7/30/2018,31
7/30/2018 - 7/31/2018,11
7/31/2018 - 8/1/2018,14
8/1/2018 - 8/2/2018,19
8/2/2018 - 8/3/2018,14
8/3/2018 - 8/4/2018,16
8/4/2018 - 8/5/2018,20
8/5/2018 - 8/6/2018,21
8/6/2018 - 8/7/2018,10
8/7/2018 - 8/8/2018,7
8/8/2018 - 8/9/2018,6
8/9/2018 - 8/10/2018,6
8/10/2018 - 8/11/2018,11
8/11/2018 - 8/12/2018,16
8/12/2018 - 8/13/2018,20
8/13/2018 - 8/14/2018,12
8/14/2018 - 8/15/2018,3
8/15/2018 - 8/16/2018,11
8/16/2018 - 8/17/2018,13
8/17/2018 - 8/18/2018,7
8/18/2018 - 8/19/2018,15
8/19/2018 - 8/20/2018,27
8/20/2018 - 8/21/2018,12
8/21/2018 - 8/22/2018,7
8/22/2018 - 8/23/2018,9
8/23/2018 - 8/24/2018,13
8/24/2018 - 8/25/2018,20
8/25/2018 - 8/26/2018,8
8/26/2018 - 8/27/2018,18
8/27/2018 - 8/28/2018,7
8/28/2018 - 8/29/2018,9
8/29/2018 - 8/30/2018,8
8/30/2018 - 8/31/2018,13
8/31/2018 - 9/1/2018,7
9/1/2018 - 9/2/2018,12
9/2/2018 - 9/3/2018,21
9/3/2018 - 9/4/2018,18
9/4/2018 - 9/5/2018,9
9/5/2018 - 9/6/2018,4
9/6/2018 - 9/7/2018,13
9/7/2018 - 9/8/2018,9
9/8/2018 - 9/9/2018,2
9/9/2018 - 9/10/2018,14
9/10/2018 - 9/11/2018,19
9/11/2018 - 9/12/2018,25
9/12/2018 - 9/13/2018,21
9/13/2018 - 9/14/2018,25
9/14/2018 - 9/15/2018,12
9/15/2018 - 9/16/2018,24
9/16/2018 - 9/17/2018,31
9/17/2018 - 9/18/2018,26
9/18/2018 - 9/19/2018,15
9/19/2018 - 9/20/2018,15
9/20/2018 - 9/21/2018,12
9/21/2018 - 9/22/2018,20
9/22/2018 - 9/23/2018,55
9/23/2018 - 9/24/2018,34
9/24/2018 - 9/25/2018,11
9/25/2018 - 9/26/2018,8
9/26/2018 - 9/27/2018,16
9/27/2018 - 9/28/2018,19
9/28/2018 - 9/29/2018,20
9/29/2018 - 9/30/2018,41
9/30/2018 - 10/1/2018,23
10/1/2018 - 10/2/2018,22
10/2/2018 - 10/3/2018,16
10/3/2018 - 10/4/2018,19
10/4/2018 - 10/5/2018,15
10/5/2018 - 10/6/2018,21
10/6/2018 - 10/7/2018,46
10/7/2018 - 10/8/2018,25
10/8/2018 - 10/9/2018,25
10/9/2018 - 10/10/2018,17
10/10/2018 - 10/11/2018,14
10/11/2018 - 10/12/2018,17
10/12/2018 - 10/13/2018,11
10/13/2018 - 10/14/2018,35
10/14/2018 - 10/15/2018,31
10/15/2018 - 10/16/2018,11
10/16/2018 - 10/17/2018,18
10/17/2018 - 10/18/2018,24
10/18/2018 - 10/19/2018,23
10/19/2018 - 10/20/2018,23
10/20/2018 - 10/21/2018,14
10/21/2018 - 10/22/2018,32
10/22/2018 - 10/23/2018,20
10/23/2018 - 10/24/2018,21
10/24/2018 - 10/25/2018,16
10/25/2018 - 10/26/2018,21
10/26/2018 - 10/27/2018,8
10/27/2018 - 10/28/2018,35
10/28/2018 - 10/29/2018,14
10/29/2018 - 10/30/2018,23
10/30/2018 - 10/31/2018,16
10/31/2018 - 11/1/2018,8
11/1/2018 - 11/2/2018,3
11/2/2018 - 11/3/2018,16
11/3/2018 - 11/4/2018,39
11/4/2018 - 11/5/2018,30
11/5/2018 - 11/6/2018,15
11/6/2018 - 11/7/2018,11
11/7/2018 - 11/8/2018,19
11/8/2018 - 11/9/2018,13
11/9/2018 - 11/10/2018,12
11/10/2018 - 11/11/2018,14
11/11/2018 - 11/12/2018,23
11/12/2018 - 11/13/2018,19
11/13/2018 - 11/14/2018,9
11/14/2018 - 11/15/2018,6
11/15/2018 - 11/16/2018,10
11/16/2018 - 11/17/2018,11
11/17/2018 - 11/18/2018,17
11/18/2018 - 11/19/2018,22
11/19/2018 - 11/20/2018,13
11/20/2018 - 11/21/2018,11
11/21/2018 - 11/22/2018,22
11/22/2018 - 11/23/2018,15
11/23/2018 - 11/24/2018,10
11/24/2018 - 11/25/2018,10
11/25/2018 - 11/26/2018,13
11/26/2018 - 11/27/2018,8
11/27/2018 - 11/28/2018,5
11/28/2018 - 11/29/2018,7
11/29/2018 - 11/30/2018,6
11/30/2018 - 12/1/2018,9
12/1/2018 - 12/2/2018,4
12/2/2018 - 12/3/2018,12
12/3/2018 - 12/4/2018,6
12/4/2018 - 12/5/2018,6
12/5/2018 - 12/6/2018,5
12/6/2018 - 12/7/2018,6
12/7/2018 - 12/8/2018,10
12/8/2018 - 12/9/2018,10
12/9/2018 - 12/10/2018,10
12/10/2018 - 12/11/2018,7
12/11/2018 - 12/12/2018,8
12/12/2018 - 12/13/2018,6
12/13/2018 - 12/14/2018,6
12/14/2018 - 12/15/2018,3
12/15/2018 - 12/16/2018,4
12/16/2018 - 12/17/2018,20
12/17/2018 - 12/18/2018,7
12/18/2018 - 12/19/2018,7
12/19/2018 - 12/20/2018,10
12/20/2018 - 12/21/2018,3
12/21/2018 - 12/22/2018,3
12/22/2018 - 12/23/2018,8
12/23/2018 - 12/24/2018,9
12/24/2018 - 12/25/2018,7
12/25/2018 - 12/26/2018,9
12/26/2018 - 12/27/2018,5
12/27/2018 - 12/28/2018,2
12/28/2018 - 12/29/2018,4
12/29/2018 - 12/30/2018,11
12/30/2018 - 12/31/2018,8
12/31/2018 - 1/1/2019,7
1/1/2019 - 1/2/2019,41
1/2/2019 - 1/3/2019,20
1/3/2019 - 1/4/2019,16
1/4/2019 - 1/5/2019,13
1/5/2019 - 1/6/2019,37
1/6/2019 - 1/7/2019,20
1/7/2019 - 1/8/2019,15
1/8/2019 - 1/9/2019,18
1/9/2019 - 1/10/2019,12
1/10/2019 - 1/11/2019,11
1/11/2019 - 1/12/2019,12
1/12/2019 - 1/13/2019,18
1/13/2019 - 1/14/2019,18
1/14/2019 - 1/15/2019,13
1/15/2019 - 1/16/2019,9
1/16/2019 - 1/17/2019,13
1/17/2019 - 1/18/2019,10
1/18/2019 - 1/19/2019,15
1/19/2019 - 1/20/2019,16
1/20/2019 - 1/21/2019,24
1/21/2019 - 1/22/2019,17
1/22/2019 - 1/23/2019,13
1/23/2019 - 1/24/2019,4
1/24/2019 - 1/25/2019,13
1/25/2019 - 1/26/2019,13
1/26/2019 - 1/27/2019,25
1/27/2019 - 1/28/2019,18
1/28/2019 - 1/29/2019,6
1/29/2019 - 1/30/2019,7
1/30/2019 - 1/31/2019,12
1/31/2019 - 2/1/2019,15
2/1/2019 - 2/2/2019,17
2/2/2019 - 2/3/2019,32
2/3/2019 - 2/4/2019,30
2/4/2019 - 2/5/2019,7
2/5/2019 - 2/6/2019,11
2/6/2019 - 2/7/2019,7
2/7/2019 - 2/8/2019,2
2/8/2019 - 2/9/2019,10
2/9/2019 - 2/10/2019,23
2/10/2019 - 2/11/2019,25
2/11/2019 - 2/12/2019,13
2/12/2019 - 2/13/2019,9
2/13/2019 - 2/14/2019,5
2/14/2019 - 2/15/2019,10
2/15/2019 - 2/16/2019,17
2/16/2019 - 2/17/2019,24
2/17/2019 - 2/18/2019,17
2/18/2019 - 2/19/2019,11
2/19/2019 - 2/20/2019,15
2/20/2019 - 2/21/2019,7
2/21/2019 - 2/22/2019,8
2/22/2019 - 2/23/2019,14
2/23/2019 - 2/24/2019,21
2/24/2019 - 2/25/2019,5
2/25/2019 - 2/26/2019,11
2/26/2019 - 2/27/2019,24
2/27/2019 - 2/28/2019,25
2/28/2019 - 3/1/2019,19
3/1/2019 - 3/2/2019,17
3/2/2019 - 3/3/2019,32
3/3/2019 - 3/4/2019,20
3/4/2019 - 3/5/2019,17
3/5/2019 - 3/6/2019,17
3/6/2019 - 3/7/2019,20
3/7/2019 - 3/8/2019,18
3/8/2019 - 3/9/2019,16
3/9/2019 - 3/10/2019,20
3/9/2019 - 3/11/2019,36
3/11/2019 - 3/12/2019,51
3/12/2019 - 3/13/2019,41
3/13/2019 - 3/14/2019,44
3/14/2019 - 3/15/2019,26
3/15/2019 - 3/16/2019,27
3/16/2019 - 3/17/2019,71
3/17/2019 - 3/18/2019,59
3/18/2019 - 3/19/2019,37
3/19/2019 - 3/20/2019,55
3/20/2019 - 3/21/2019,29
3/21/2019 - 3/22/2019,35
3/22/2019 - 3/23/2019,44
3/23/2019 - 3/24/2019,80
3/24/2019 - 3/25/2019,69
3/25/2019 - 3/26/2019,44
3/26/2019 - 3/27/2019,46
3/27/2019 - 3/28/2019,50
3/28/2019 - 3/29/2019,55
3/29/2019 - 3/30/2019,62
3/30/2019 - 3/31/2019,30
3/31/2019 - 4/1/2019,64
4/1/2019 - 4/2/2019,68
4/2/2019 - 4/3/2019,63
4/3/2019 - 4/4/2019,49
4/4/2019 - 4/5/2019,47
4/5/2019 - 4/6/2019,59
4/6/2019 - 4/7/2019,79
4/7/2019 - 4/8/2019,82
4/8/2019 - 4/9/2019,67
4/9/2019 - 4/10/2019,68
4/10/2019 - 4/11/2019,51
4/11/2019 - 4/12/2019,44
4/12/2019 - 4/13/2019,48
4/13/2019 - 4/14/2019,92
4/14/2019 - 4/15/2019,41
4/15/2019 - 4/16/2019,57
4/16/2019 - 4/17/2019,68
4/17/2019 - 4/18/2019,62
4/18/2019 - 4/19/2019,33
4/19/2019 - 4/20/2019,40
4/20/2019 - 4/21/2019,41
4/21/2019 - 4/22/2019,92
4/22/2019 - 4/23/2019,86
4/23/2019 - 4/24/2019,83
4/24/2019 - 4/25/2019,67
4/25/2019 - 4/26/2019,32
4/26/2019 - 4/27/2019,68
4/27/2019 - 4/28/2019,84
4/28/2019 - 4/29/2019,97
4/29/2019 - 4/30/2019,68
4/30/2019 - 5/1/2019,92
5/1/2019 - 5/2/2019,75
5/2/2019 - 5/3/2019,87
5/3/2019 - 5/4/2019,104
5/4/2019 - 5/5/2019,118
5/5/2019 - 5/6/2019,115
5/6/2019 - 5/7/2019,88
5/7/2019 - 5/8/2019,88
5/8/2019 - 5/9/2019,65
5/9/2019 - 5/10/2019,37
5/10/2019 - 5/11/2019,82
5/11/2019 - 5/12/2019,150
5/12/2019 - 5/13/2019,72
5/13/2019 - 5/14/2019,63
5/14/2019 - 5/15/2019,77
5/15/2019 - 5/16/2019,58
5/16/2019 - 5/17/2019,62
5/17/2019 - 5/18/2019,56
5/18/2019 - 5/19/2019,77
5/19/2019 - 5/20/2019,63
5/20/2019 - 5/21/2019,47
5/21/2019 - 5/22/2019,35
5/22/2019 - 5/23/2019,40
5/23/2019 - 5/24/2019,40
5/24/2019 - 5/25/2019,48
5/25/2019 - 5/26/2019,59
5/26/2019 - 5/27/2019,67
5/27/2019 - 5/28/2019,58
5/28/2019 - 5/29/2019,31
5/29/2019 - 5/30/2019,39
5/30/2019 - 5/31/2019,35
5/31/2019 - 6/1/2019,51
6/1/2019 - 6/2/2019,47
6/2/2019 - 6/3/2019,46
6/3/2019 - 6/4/2019,33
6/4/2019 - 6/5/2019,28
6/5/2019 - 6/6/2019,24
6/6/2019 - 6/7/2019,24
6/7/2019 - 6/8/2019,71
6/8/2019 - 6/9/2019,43
6/9/2019 - 6/10/2019,32
6/10/2019 - 6/11/2019,31
6/11/2019 - 6/12/2019,34
6/12/2019 - 6/13/2019,25
6/13/2019 - 6/14/2019,31
6/14/2019 - 6/15/2019,39
6/15/2019 - 6/16/2019,14
6/16/2019 - 6/17/2019,36
6/17/2019 - 6/18/2019,20
6/18/2019 - 6/19/2019,23
6/19/2019 - 6/20/2019,28
6/20/2019 - 6/21/2019,22
6/21/2019 - 6/22/2019,35
6/22/2019 - 6/23/2019,27
6/23/2019 - 6/24/2019,42
6/24/2019 - 6/25/2019,19
6/25/2019 - 6/26/2019,24
6/26/2019 - 6/27/2019,18
6/27/2019 - 6/28/2019,14
6/28/2019 - 6/29/2019,19
6/29/2019 - 6/30/2019,38
6/30/2019 - 7/1/2019,36
7/1/2019 - 7/2/2019,32
7/2/2019 - 7/3/2019,13
7/3/2019 - 7/4/2019,24
7/4/2019 - 7/5/2019,31
7/5/2019 - 7/6/2019,31
7/6/2019 - 7/7/2019,27
7/7/2019 - 7/8/2019,31
7/8/2019 - 7/9/2019,19
7/9/2019 - 7/10/2019,20
7/10/2019 - 7/11/2019,27
7/11/2019 - 7/12/2019,16
7/12/2019 - 7/13/2019,31
7/13/2019 - 7/14/2019,29
7/14/2019 - 7/15/2019,43
7/15/2019 - 7/16/2019,15
7/16/2019 - 7/17/2019,18
7/17/2019 - 7/18/2019,17
7/18/2019 - 7/19/2019,14
7/19/2019 - 7/20/2019,12
7/20/2019 - 7/21/2019,13
7/21/2019 - 7/22/2019,20
7/22/2019 - 7/23/2019,16
7/23/2019 - 7/24/2019,19
7/24/2019 - 7/25/2019,18
7/25/2019 - 7/26/2019,17
7/26/2019 - 7/27/2019,13
7/27/2019 - 7/28/2019,30
7/28/2019 - 7/29/2019,34
7/29/2019 - 7/30/2019,14
7/30/2019 - 7/31/2019,15
7/31/2019 - 8/1/2019,16
8/1/2019 - 8/2/2019,15
8/2/2019 - 8/3/2019,15
8/3/2019 - 8/4/2019,27
8/4/2019 - 8/5/2019,25
8/5/2019 - 8/6/2019,8
8/6/2019 - 8/7/2019,18
8/7/2019 - 8/8/2019,15
8/8/2019 - 8/9/2019,18
8/9/2019 - 8/10/2019,18
8/10/2019 - 8/11/2019,17
8/11/2019 - 8/12/2019,19
8/12/2019 - 8/13/2019,15
8/13/2019 - 8/14/2019,4
8/14/2019 - 8/15/2019,9
8/15/2019 - 8/16/2019,9
8/16/2019 - 8/17/2019,15
8/17/2019 - 8/18/2019,21
8/18/2019 - 8/19/2019,11
8/19/2019 - 8/20/2019,11
8/20/2019 - 8/21/2019,12
8/21/2019 - 8/22/2019,10
8/22/2019 - 8/23/2019,10
8/23/2019 - 8/24/2019,9
8/24/2019 - 8/25/2019,14
8/25/2019 - 8/26/2019,22
8/26/2019 - 8/27/2019,7
8/27/2019 - 8/28/2019,11
8/28/2019 - 8/29/2019,13
8/29/2019 - 8/30/2019,16
8/30/2019 - 8/31/2019,10
8/31/2019 - 9/1/2019,21
9/1/2019 - 9/2/2019,26
9/2/2019 - 9/3/2019,26
9/3/2019 - 9/4/2019,10
9/4/2019 - 9/5/2019,15
9/5/2019 - 9/6/2019,24
9/6/2019 - 9/7/2019,13
9/7/2019 - 9/8/2019,29
9/8/2019 - 9/9/2019,40
9/9/2019 - 9/10/2019,9
9/10/2019 - 9/11/2019,17
9/11/2019 - 9/12/2019,14
9/12/2019 - 9/13/2019,10
9/13/2019 - 9/14/2019,15
9/14/2019 - 9/15/2019,33
9/15/2019 - 9/16/2019,34
9/16/2019 - 9/17/2019,17
9/17/2019 - 9/18/2019,19
9/18/2019 - 9/19/2019,14
9/19/2019 - 9/20/2019,27
9/20/2019 - 9/21/2019,15
9/21/2019 - 9/22/2019,31
9/22/2019 - 9/23/2019,31
9/23/2019 - 9/24/2019,19
9/24/2019 - 9/25/2019,33
9/25/2019 - 9/26/2019,16
9/26/2019 - 9/27/2019,15
9/27/2019 - 9/28/2019,16
9/28/2019 - 9/29/2019,26
9/29/2019 - 9/30/2019,33
9/30/2019 - 10/1/2019,16
10/1/2019 - 10/2/2019,14
10/2/2019 - 10/3/2019,21
10/3/2019 - 10/4/2019,17
10/4/2019 - 10/5/2019,37
10/5/2019 - 10/6/2019,40
10/6/2019 - 10/7/2019,28
10/7/2019 - 10/8/2019,19
10/8/2019 - 10/9/2019,32
10/9/2019 - 10/10/2019,19
10/10/2019 - 10/11/2019,15
10/11/2019 - 10/12/2019,4
10/12/2019 - 10/13/2019,31
10/13/2019 - 10/14/2019,30
10/14/2019 - 10/15/2019,26
10/15/2019 - 10/16/2019,19
10/16/2019 - 10/17/2019,22
10/17/2019 - 10/18/2019,35
10/18/2019 - 10/19/2019,30
10/19/2019 - 10/20/2019,44
10/20/2019 - 10/21/2019,45
10/21/2019 - 10/22/2019,12
10/22/2019 - 10/23/2019,15
10/23/2019 - 10/24/2019,24
10/24/2019 - 10/25/2019,25
10/25/2019 - 10/26/2019,33
10/26/2019 - 10/27/2019,5
10/27/2019 - 10/28/2019,39
10/28/2019 - 10/29/2019,24
10/29/2019 - 10/30/2019,18
10/30/2019 - 10/31/2019,7
10/31/2019 - 11/1/2019,5
11/1/2019 - 11/2/2019,16
11/2/2019 - 11/3/2019,25
11/3/2019 - 11/4/2019,28
11/4/2019 - 11/5/2019,11
11/5/2019 - 11/6/2019,16
11/6/2019 - 11/7/2019,26
11/7/2019 - 11/8/2019,14
11/8/2019 - 11/9/2019,16
11/9/2019 - 11/10/2019,16
11/10/2019 - 11/11/2019,30
11/11/2019 - 11/12/2019,6
11/12/2019 - 11/13/2019,7
11/13/2019 - 11/14/2019,9
11/14/2019 - 11/15/2019,8
11/15/2019 - 11/16/2019,16
11/16/2019 - 11/17/2019,23
11/17/2019 - 11/18/2019,20
11/18/2019 - 11/19/2019,8
11/19/2019 - 11/20/2019,10
11/20/2019 - 11/21/2019,9
11/21/2019 - 11/22/2019,4
11/22/2019 - 11/23/2019,6
11/23/2019 - 11/24/2019,13
11/24/2019 - 11/25/2019,22
11/25/2019 - 11/26/2019,15
11/26/2019 - 11/27/2019,9
11/27/2019 - 11/28/2019,4
11/28/2019 - 11/29/2019,9
11/29/2019 - 11/30/2019,11
11/30/2019 - 12/1/2019,7
12/1/2019 - 12/2/2019,16
12/2/2019 - 12/3/2019,6
12/3/2019 - 12/4/2019,12
12/4/2019 - 12/5/2019,6
12/5/2019 - 12/6/2019,13
12/6/2019 - 12/7/2019,14
12/7/2019 - 12/8/2019,15
12/8/2019 - 12/9/2019,29
12/9/2019 - 12/10/2019,0
12/10/2019 - 12/11/2019,4
12/11/2019 - 12/12/2019,9
12/12/2019 - 12/13/2019,8
12/13/2019 - 12/14/2019,8
12/14/2019 - 12/15/2019,35
12/15/2019 - 12/16/2019,35
12/16/2019 - 12/17/2019,6
12/17/2019 - 12/18/2019,3
12/18/2019 - 12/19/2019,13
12/19/2019 - 12/20/2019,7
12/20/2019 - 12/21/2019,11
12/21/2019 - 12/22/2019,13
12/22/2019 - 12/23/2019,26
12/23/2019 - 12/24/2019,12
12/24/2019 - 12/25/2019,7
12/25/2019 - 12/26/2019,19
12/26/2019 - 12/27/2019,21
12/27/2019 - 12/28/2019,13
12/28/2019 - 12/29/2019,16
12/29/2019 - 12/30/2019,9
12/30/2019 - 12/31/2019,5
12/31/2019 - 1/1/2020,8
1/1/2020 - 1/2/2020,28
1/2/2020 - 1/3/2020,21
1/3/2020 - 1/4/2020,16
1/4/2020 - 1/5/2020,24
1/5/2020 - 1/6/2020,24
1/6/2020 - 1/7/2020,14
1/7/2020 - 1/8/2020,9
1/8/2020 - 1/9/2020,15
1/9/2020 - 1/10/2020,8
1/10/2020 - 1/11/2020,1
1/11/2020 - 1/12/2020,8
1/12/2020 - 1/13/2020,16
1/13/2020 - 1/14/2020,13
1/14/2020 - 1/15/2020,9
1/15/2020 - 1/16/2020,9
1/16/2020 - 1/17/2020,20
1/17/2020 - 1/18/2020,12
1/18/2020 - 1/19/2020,7
1/19/2020 - 1/20/2020,27
1/20/2020 - 1/21/2020,25
1/21/2020 - 1/22/2020,13
1/22/2020 - 1/23/2020,22
1/23/2020 - 1/24/2020,8
1/24/2020 - 1/25/2020,10
1/25/2020 - 1/26/2020,14
1/26/2020 - 1/27/2020,25
1/27/2020 - 1/28/2020,6
1/28/2020 - 1/29/2020,5
1/29/2020 - 1/30/2020,10
1/30/2020 - 1/31/2020,9
1/31/2020 - 2/1/2020,8
2/1/2020 - 2/2/2020,14
2/2/2020 - 2/3/2020,15
2/3/2020 - 2/4/2020,12
2/4/2020 - 2/5/2020,2
2/5/2020 - 2/6/2020,1
2/6/2020 - 2/7/2020,5
2/7/2020 - 2/8/2020,14
2/8/2020 - 2/9/2020,17
2/9/2020 - 2/10/2020,16
2/10/2020 - 2/11/2020,11
2/11/2020 - 2/12/2020,10
2/12/2020 - 2/13/2020,9
2/13/2020 - 2/14/2020,11
2/14/2020 - 2/15/2020,21
2/15/2020 - 2/16/2020,49
2/16/2020 - 2/17/2020,41
2/17/2020 - 2/18/2020,31
2/18/2020 - 2/19/2020,6
2/19/2020 - 2/20/2020,19
2/20/2020 - 2/21/2020,9
2/21/2020 - 2/22/2020,15
2/22/2020 - 2/23/2020,39
2/23/2020 - 2/24/2020,38
2/24/2020 - 2/25/2020,4
2/25/2020 - 2/26/2020,8
2/26/2020 - 2/27/2020,9
2/27/2020 - 2/28/2020,13
2/28/2020 - 2/29/2020,18
2/29/2020 - 3/1/2020,40
3/1/2020 - 3/2/2020,47
3/2/2020 - 3/3/2020,18
3/3/2020 - 3/4/2020,15
3/4/2020 - 3/5/2020,35
3/5/2020 - 3/6/2020,27
3/6/2020 - 3/7/2020,15
3/7/2020 - 3/8/2020,58
3/7/2020 - 3/9/2020,58
3/9/2020 - 3/10/2020,28
3/10/2020 - 3/11/2020,24
3/11/2020 - 3/12/2020,30
3/12/2020 - 3/13/2020,33
3/13/2020 - 3/14/2020,32
3/14/2020 - 3/15/2020,43
3/15/2020 - 3/16/2020,76
3/16/2020 - 3/17/2020,37
3/17/2020 - 3/18/2020,66
3/18/2020 - 3/19/2020,36
3/19/2020 - 3/20/2020,28
3/20/2020 - 3/21/2020,69
3/21/2020 - 3/22/2020,79
3/22/2020 - 3/23/2020,76
3/23/2020 - 3/24/2020,49
3/24/2020 - 3/25/2020,54
3/25/2020 - 3/26/2020,72
3/26/2020 - 3/27/2020,97
3/27/2020 - 3/28/2020,62
3/28/2020 - 3/29/2020,97
3/29/2020 - 3/30/2020,74
3/30/2020 - 3/31/2020,94
3/31/2020 - 4/1/2020,57
4/1/2020 - 4/2/2020,81
4/2/2020 - 4/3/2020,96
4/3/2020 - 4/4/2020,106
4/4/2020 - 4/5/2020,103
4/5/2020 - 4/6/2020,130
4/6/2020 - 4/7/2020,76
4/7/2020 - 4/8/2020,84
4/8/2020 - 4/9/2020,90
4/9/2020 - 4/10/2020,55
4/10/2020 - 4/11/2020,73
4/11/2020 - 4/12/2020,106
4/12/2020 - 4/13/2020,80
4/13/2020 - 4/14/2020,53
4/14/2020 - 4/15/2020,75
4/15/2020 - 4/16/2020,67
4/16/2020 - 4/17/2020,86
4/17/2020 - 4/18/2020,64
4/18/2020 - 4/19/2020,130
4/19/2020 - 4/20/2020,144
4/20/2020 - 4/21/2020,89
4/21/2020 - 4/22/2020,92
4/22/2020 - 4/23/2020,92
4/23/2020 - 4/24/2020,57
4/24/2020 - 4/25/2020,127
4/25/2020 - 4/26/2020,135
4/26/2020 - 4/27/2020,97
4/27/2020 - 4/28/2020,118
4/28/2020 - 4/29/2020,129
4/29/2020 - 4/30/2020,105
4/30/2020 - 5/1/2020,97
5/1/2020 - 5/2/2020,147
5/2/2020 - 5/3/2020,209
5/3/2020 - 5/4/2020,183
5/4/2020 - 5/5/2020,148
5/5/2020 - 5/6/2020,97
5/6/2020 - 5/7/2020,127
5/7/2020 - 5/8/2020,137
5/8/2020 - 5/9/2020,92
5/9/2020 - 5/10/2020,416
5/10/2020 - 5/11/2020,125
5/11/2020 - 5/12/2020,98
5/12/2020 - 5/13/2020,132
5/13/2020 - 5/14/2020,99
5/14/2020 - 5/15/2020,123
5/15/2020 - 5/16/2020,143
5/16/2020 - 5/17/2020,160
5/17/2020 - 5/18/2020,164
5/18/2020 - 5/19/2020,116
5/19/2020 - 5/20/2020,100
5/20/2020 - 5/21/2020,109
5/21/2020 - 5/22/2020,116
5/22/2020 - 5/23/2020,116
5/23/2020 - 5/24/2020,108
5/24/2020 - 5/25/2020,98
5/25/2020 - 5/26/2020,88
5/26/2020 - 5/27/2020,72
5/27/2020 - 5/28/2020,51
5/28/2020 - 5/29/2020,48
5/29/2020 - 5/30/2020,55
5/30/2020 - 5/31/2020,68
5/31/2020 - 6/1/2020,74
6/1/2020 - 6/2/2020,62
6/2/2020 - 6/3/2020,47
6/3/2020 - 6/4/2020,56
6/4/2020 - 6/5/2020,41
6/5/2020 - 6/6/2020,50
6/6/2020 - 6/7/2020,67
6/7/2020 - 6/8/2020,76
6/8/2020 - 6/9/2020,64
6/9/2020 - 6/10/2020,48
6/10/2020 - 6/11/2020,35
6/11/2020 - 6/12/2020,59
6/12/2020 - 6/13/2020,70
6/13/2020 - 6/14/2020,70
6/14/2020 - 6/15/2020,68
6/15/2020 - 6/16/2020,54
6/16/2020 - 6/17/2020,41
6/17/2020 - 6/18/2020,53
6/18/2020 - 6/19/2020,46
6/19/2020 - 6/20/2020,54
6/20/2020 - 6/21/2020,54
6/21/2020 - 6/22/2020,60
6/22/2020 - 6/23/2020,51
6/23/2020 - 6/24/2020,42
6/24/2020 - 6/25/2020,52
6/25/2020 - 6/26/2020,52
6/26/2020 - 6/27/2020,39
6/27/2020 - 6/28/2020,40
6/28/2020 - 6/29/2020,47
6/29/2020 - 6/30/2020,36
6/30/2020 - 7/1/2020,41
7/1/2020 - 7/2/2020,33
7/2/2020 - 7/3/2020,31
7/3/2020 - 7/4/2020,47
7/4/2020 - 7/5/2020,49
7/5/2020 - 7/6/2020,65
7/6/2020 - 7/7/2020,40
7/7/2020 - 7/8/2020,49
7/8/2020 - 7/9/2020,43
7/9/2020 - 7/10/2020,36
7/10/2020 - 7/11/2020,33
7/11/2020 - 7/12/2020,51
7/12/2020 - 7/13/2020,56
7/13/2020 - 7/14/2020,36
7/14/2020 - 7/15/2020,35
7/15/2020 - 7/16/2020,25
7/16/2020 - 7/17/2020,34
7/17/2020 - 7/18/2020,31
7/18/2020 - 7/19/2020,41
7/19/2020 - 7/20/2020,44
7/20/2020 - 7/21/2020,37
7/21/2020 - 7/22/2020,33
7/22/2020 - 7/23/2020,24
7/23/2020 - 7/24/2020,34
7/24/2020 - 7/25/2020,28
7/25/2020 - 7/26/2020,39
7/26/2020 - 7/27/2020,34
7/27/2020 - 7/28/2020,20
7/28/2020 - 7/29/2020,17
7/29/2020 - 7/30/2020,28
7/30/2020 - 7/31/2020,11
7/31/2020 - 8/1/2020,20
8/1/2020 - 8/2/2020,19
8/2/2020 - 8/3/2020,33
8/3/2020 - 8/4/2020,17
8/4/2020 - 8/5/2020,21
8/5/2020 - 8/6/2020,15
8/6/2020 - 8/7/2020,18
8/7/2020 - 8/8/2020,22
8/8/2020 - 8/9/2020,29
8/9/2020 - 8/10/2020,28
8/10/2020 - 8/11/2020,11
8/11/2020 - 8/12/2020,24
8/12/2020 - 8/13/2020,19
8/13/2020 - 8/14/2020,11
8/14/2020 - 8/15/2020,23
8/15/2020 - 8/16/2020,21
8/16/2020 - 8/17/2020,28
8/17/2020 - 8/18/2020,15
8/18/2020 - 8/19/2020,14
8/19/2020 - 8/20/2020,12
8/20/2020 - 8/21/2020,13
8/21/2020 - 8/22/2020,23
8/22/2020 - 8/23/2020,40
8/23/2020 - 8/24/2020,34
8/24/2020 - 8/25/2020,26
8/25/2020 - 8/26/2020,15
8/26/2020 - 8/27/2020,19
8/27/2020 - 8/28/2020,18
8/28/2020 - 8/29/2020,13
8/29/2020 - 8/30/2020,27
8/30/2020 - 8/31/2020,37
8/31/2020 - 9/1/2020,21
9/1/2020 - 9/2/2020,15
9/2/2020 - 9/3/2020,26
9/3/2020 - 9/4/2020,23
9/4/2020 - 9/5/2020,57
9/5/2020 - 9/6/2020,39
9/6/2020 - 9/7/2020,57
9/7/2020 - 9/8/2020,45
9/8/2020 - 9/9/2020,31
9/9/2020 - 9/10/2020,28
9/10/2020 - 9/11/2020,26
9/11/2020 - 9/12/2020,22
9/12/2020 - 9/13/2020,45
9/13/2020 - 9/14/2020,58
9/14/2020 - 9/15/2020,30
9/15/2020 - 9/16/2020,28
9/16/2020 - 9/17/2020,35
9/17/2020 - 9/18/2020,31
9/18/2020 - 9/19/2020,33
9/19/2020 - 9/20/2020,57
9/20/2020 - 9/21/2020,47
9/21/2020 - 9/22/2020,32
9/22/2020 - 9/23/2020,39
9/23/2020 - 9/24/2020,34
9/24/2020 - 9/25/2020,35
9/25/2020 - 9/26/2020,37
9/26/2020 - 9/27/2020,63
9/27/2020 - 9/28/2020,51
9/28/2020 - 9/29/2020,14
9/29/2020 - 9/30/2020,39
9/30/2020 - 10/1/2020,31
10/1/2020 - 10/2/2020,35
10/2/2020 - 10/3/2020,42
10/3/2020 - 10/4/2020,48
10/4/2020 - 10/5/2020,33
10/5/2020 - 10/6/2020,37
10/6/2020 - 10/7/2020,29
10/7/2020 - 10/8/2020,29
10/8/2020 - 10/9/2020,49
10/9/2020 - 10/10/2020,35
10/10/2020 - 10/11/2020,52
10/11/2020 - 10/12/2020,56
10/12/2020 - 10/13/2020,34
10/13/2020 - 10/14/2020,35
10/14/2020 - 10/15/2020,29
10/15/2020 - 10/16/2020,11
10/16/2020 - 10/17/2020,35
10/17/2020 - 10/18/2020,111
10/18/2020 - 10/19/2020,52
10/19/2020 - 10/20/2020,20
10/20/2020 - 10/21/2020,27
10/21/2020 - 10/22/2020,39
10/22/2020 - 10/23/2020,46
10/23/2020 - 10/24/2020,20
10/24/2020 - 10/25/2020,49
10/25/2020 - 10/26/2020,46
10/26/2020 - 10/27/2020,18
10/27/2020 - 10/28/2020,28
10/28/2020 - 10/29/2020,38
10/29/2020 - 10/30/2020,16
10/30/2020 - 10/31/2020,26
10/31/2020 - 11/1/2020,26
11/1/2020 - 11/2/2020,19
11/2/2020 - 11/3/2020,23
11/3/2020 - 11/4/2020,33
11/4/2020 - 11/5/2020,12
11/5/2020 - 11/6/2020,19
11/6/2020 - 11/7/2020,21
11/7/2020 - 11/8/2020,40
11/8/2020 - 11/9/2020,45
11/9/2020 - 11/10/2020,32
11/10/2020 - 11/11/2020,22
11/11/2020 - 11/12/2020,26
11/12/2020 - 11/13/2020,13
11/13/2020 - 11/14/2020,21
11/14/2020 - 11/15/2020,26
11/15/2020 - 11/16/2020,6
11/16/2020 - 11/17/2020,11
11/17/2020 - 11/18/2020,11
11/18/2020 - 11/19/2020,15
11/19/2020 - 11/20/2020,16
11/20/2020 - 11/21/2020,23
11/21/2020 - 11/22/2020,19
11/22/2020 - 11/23/2020,23
11/23/2020 - 11/24/2020,26
11/24/2020 - 11/25/2020,11
11/25/2020 - 11/26/2020,6
11/26/2020 - 11/27/2020,31
11/27/2020 - 11/28/2020,30
11/28/2020 - 11/29/2020,29
11/29/2020 - 11/30/2020,39
11/30/2020 - 12/1/2020,6
12/1/2020 - 12/2/2020,12
12/2/2020 - 12/3/2020,16
12/3/2020 - 12/4/2020,9
12/4/2020 - 12/5/2020,19
12/5/2020 - 12/6/2020,34
12/6/2020 - 12/7/2020,31
12/7/2020 - 12/8/2020,17
12/8/2020 - 12/9/2020,18
12/9/2020 - 12/10/2020,9
12/10/2020 - 12/11/2020,19
12/11/2020 - 12/12/2020,22
12/12/2020 - 12/13/2020,17
12/13/2020 - 12/14/2020,30
12/14/2020 - 12/15/2020,10
12/15/2020 - 12/16/2020,21
12/16/2020 - 12/17/2020,23
12/17/2020 - 12/18/2020,13
12/18/2020 - 12/19/2020,16
12/19/2020 - 12/20/2020,41
12/20/2020 - 12/21/2020,46
12/21/2020 - 12/22/2020,13
12/22/2020 - 12/23/2020,30
12/23/2020 - 12/24/2020,15
12/24/2020 - 12/25/2020,9
12/25/2020 - 12/26/2020,13
12/26/2020 - 12/27/2020,24
12/27/2020 - 12/28/2020,30
12/28/2020 - 12/29/2020,14
12/29/2020 - 12/30/2020,17
12/30/2020 - 12/31/2020,3
12/31/2020 - 1/1/2021,20
1/1/2021 - 1/2/2021,32
1/2/2021 - 1/3/2021,51
1/3/2021 - 1/4/2021,37
1/4/2021 - 1/5/2021,34
1/5/2021 - 1/6/2021,27
1/6/2021 - 1/7/2021,22
1/7/2021 - 1/8/2021,13
1/8/2021 - 1/9/2021,21
1/9/2021 - 1/10/2021,28
1/10/2021 - 1/11/2021,27
1/11/2021 - 1/12/2021,10
1/12/2021 - 1/13/2021,13
1/13/2021 - 1/14/2021,20
1/14/2021 - 1/15/2021,22
1/15/2021 - 1/16/2021,21
1/16/2021 - 1/17/2021,20
1/17/2021 - 1/18/2021,25
1/18/2021 - 1/19/2021,18
1/19/2021 - 1/20/2021,17
1/20/2021 - 1/21/2021,17
1/21/2021 - 1/22/2021,19
1/22/2021 - 1/23/2021,13
1/23/2021 - 1/24/2021,31
1/24/2021 - 1/25/2021,26
1/25/2021 - 1/26/2021,8
1/26/2021 - 1/27/2021,17
1/27/2021 - 1/28/2021,11
1/28/2021 - 1/29/2021,29
1/29/2021 - 1/30/2021,27
1/30/2021 - 1/31/2021,26
1/31/2021 - 2/1/2021,13
2/1/2021 - 2/2/2021,21
2/2/2021 - 2/3/2021,17
2/3/2021 - 2/4/2021,31
2/4/2021 - 2/5/2021,11
2/5/2021 - 2/6/2021,14
2/6/2021 - 2/7/2021,54
2/7/2021 - 2/8/2021,29
2/8/2021 - 2/9/2021,27
2/9/2021 - 2/10/2021,25
2/10/2021 - 2/11/2021,19
2/11/2021 - 2/12/2021,14
2/12/2021 - 2/13/2021,84
2/13/2021 - 2/14/2021,121
2/14/2021 - 2/15/2021,114
2/15/2021 - 2/16/2021,70
2/16/2021 - 2/17/2021,28
2/17/2021 - 2/18/2021,15
2/18/2021 - 2/19/2021,23
2/19/2021 - 2/20/2021,23
2/20/2021 - 2/21/2021,42
2/21/2021 - 2/22/2021,24
2/22/2021 - 2/23/2021,13
2/23/2021 - 2/24/2021,7
2/24/2021 - 2/25/2021,20
2/25/2021 - 2/26/2021,20
2/26/2021 - 2/27/2021,23
2/27/2021 - 2/28/2021,47
2/28/2021 - 3/1/2021,35
3/1/2021 - 3/2/2021,32
3/2/2021 - 3/3/2021,27
3/3/2021 - 3/4/2021,51
3/4/2021 - 3/5/2021,55
3/5/2021 - 3/6/2021,59
3/6/2021 - 3/7/2021,86
3/7/2021 - 3/8/2021,92
3/8/2021 - 3/9/2021,58
3/9/2021 - 3/10/2021,68
3/10/2021 - 3/11/2021,58
3/11/2021 - 3/12/2021,41
3/12/2021 - 3/13/2021,80
3/13/2021 - 3/14/2021,114
3/13/2021 - 3/15/2021,100
3/15/2021 - 3/16/2021,27
3/16/2021 - 3/17/2021,63
3/17/2021 - 3/18/2021,84
3/18/2021 - 3/19/2021,27
3/19/2021 - 3/20/2021,54
3/20/2021 - 3/21/2021,108
3/21/2021 - 3/22/2021,108
3/22/2021 - 3/23/2021,98
3/23/2021 - 3/24/2021,62
3/24/2021 - 3/25/2021,78
3/25/2021 - 3/26/2021,73
3/26/2021 - 3/27/2021,81
3/27/2021 - 3/28/2021,120
3/28/2021 - 3/29/2021,71
3/29/2021 - 3/30/2021,83
3/30/2021 - 3/31/2021,82
3/31/2021 - 4/1/2021,66
4/1/2021 - 4/2/2021,64
4/2/2021 - 4/3/2021,89
4/3/2021 - 4/4/2021,108
4/4/2021 - 4/5/2021,114
4/5/2021 - 4/6/2021,84
4/6/2021 - 4/7/2021,84
4/7/2021 - 4/8/2021,101
4/8/2021 - 4/9/2021,71
4/9/2021 - 4/10/2021,112
4/10/2021 - 4/11/2021,97
4/11/2021 - 4/12/2021,57
4/12/2021 - 4/13/2021,99
4/13/2021 - 4/14/2021,115
4/14/2021 - 4/15/2021,98
4/15/2021 - 4/16/2021,92
4/16/2021 - 4/17/2021,86
4/17/2021 - 4/18/2021,107
4/18/2021 - 4/19/2021,135
4/19/2021 - 4/20/2021,102
4/20/2021 - 4/21/2021,57
4/21/2021 - 4/22/2021,50
4/22/2021 - 4/23/2021,81
4/23/2021 - 4/24/2021,114
4/24/2021 - 4/25/2021,119
4/25/2021 - 4/26/2021,152
4/26/2021 - 4/27/2021,122
4/27/2021 - 4/28/2021,161
4/28/2021 - 4/29/2021,149
4/29/2021 - 4/30/2021,118
4/30/2021 - 5/1/2021,148
5/1/2021 - 5/2/2021,161
5/2/2021 - 5/3/2021,190
5/3/2021 - 5/4/2021,126
5/4/2021 - 5/5/2021,117
5/5/2021 - 5/6/2021,157
5/6/2021 - 5/7/2021,125
5/7/2021 - 5/8/2021,153
5/8/2021 - 5/9/2021,425
5/9/2021 - 5/10/2021,89
5/10/2021 - 5/11/2021,164
5/11/2021 - 5/12/2021,154
5/12/2021 - 5/13/2021,140
5/13/2021 - 5/14/2021,133
5/14/2021 - 5/15/2021,124
5/15/2021 - 5/16/2021,153
5/16/2021 - 5/17/2021,152
5/17/2021 - 5/18/2021,81
5/18/2021 - 5/19/2021,106
5/19/2021 - 5/20/2021,100
5/20/2021 - 5/21/2021,71
5/21/2021 - 5/22/2021,79
5/22/2021 - 5/23/2021,86
5/23/2021 - 5/24/2021,99
5/24/2021 - 5/25/2021,58
5/25/2021 - 5/26/2021,62
5/26/2021 - 5/27/2021,48
5/27/2021 - 5/28/2021,67
5/28/2021 - 5/29/2021,46
5/29/2021 - 5/30/2021,59
5/30/2021 - 5/31/2021,81
5/31/2021 - 6/1/2021,88
6/1/2021 - 6/2/2021,59
6/2/2021 - 6/3/2021,33
6/3/2021 - 6/4/2021,48
6/4/2021 - 6/5/2021,45
6/5/2021 - 6/6/2021,59
6/6/2021 - 6/7/2021,87
6/7/2021 - 6/8/2021,37
6/8/2021 - 6/9/2021,41
6/9/2021 - 6/10/2021,36
6/10/2021 - 6/11/2021,53
6/11/2021 - 6/12/2021,36
6/12/2021 - 6/13/2021,58
6/13/2021 - 6/14/2021,66
6/14/2021 - 6/15/2021,51
6/15/2021 - 6/16/2021,55
6/16/2021 - 6/17/2021,41
6/17/2021 - 6/18/2021,44
6/18/2021 - 6/19/2021,36
6/19/2021 - 6/20/2021,47
6/20/2021 - 6/21/2021,54
6/21/2021 - 6/22/2021,38
6/22/2021 - 6/23/2021,45
6/23/2021 - 6/24/2021,49
6/24/2021 - 6/25/2021,40
6/25/2021 - 6/26/2021,32
6/26/2021 - 6/27/2021,67
6/27/2021 - 6/28/2021,54
6/28/2021 - 6/29/2021,28
6/29/2021 - 6/30/2021,46
6/30/2021 - 7/1/2021,39
7/1/2021 - 7/2/2021,42
7/2/2021 - 7/3/2021,71
7/3/2021 - 7/4/2021,77
7/4/2021 - 7/5/2021,75
7/5/2021 - 7/6/2021,66
7/6/2021 - 7/7/2021,42
7/7/2021 - 7/8/2021,43
7/8/2021 - 7/9/2021,42
7/9/2021 - 7/10/2021,59
7/10/2021 - 7/11/2021,62
7/11/2021 - 7/12/2021,55
7/12/2021 - 7/13/2021,33
7/13/2021 - 7/14/2021,39
7/14/2021 - 7/15/2021,40
7/15/2021 - 7/16/2021,39
7/16/2021 - 7/17/2021,34
7/17/2021 - 7/18/2021,58
7/18/2021 - 7/19/2021,63
7/19/2021 - 7/20/2021,33
7/20/2021 - 7/21/2021,33
7/21/2021 - 7/22/2021,31
7/22/2021 - 7/23/2021,39
7/23/2021 - 7/24/2021,37
7/24/2021 - 7/25/2021,44
7/25/2021 - 7/26/2021,48
7/26/2021 - 7/27/2021,33
7/27/2021 - 7/28/2021,40
7/28/2021 - 7/29/2021,36
7/29/2021 - 7/30/2021,33
7/30/2021 - 7/31/2021,42
7/31/2021 - 8/1/2021,52
8/1/2021 - 8/2/2021,59
8/2/2021 - 8/3/2021,44
8/3/2021 - 8/4/2021,31
8/4/2021 - 8/5/2021,29
8/5/2021 - 8/6/2021,35
8/6/2021 - 8/7/2021,25
8/7/2021 - 8/8/2021,48
8/8/2021 - 8/9/2021,38
8/9/2021 - 8/10/2021,26
8/10/2021 - 8/11/2021,26
8/11/2021 - 8/12/2021,25
8/12/2021 - 8/13/2021,24
8/13/2021 - 8/14/2021,26
8/14/2021 - 8/15/2021,55
8/15/2021 - 8/16/2021,46
8/16/2021 - 8/17/2021,34
8/17/2021 - 8/18/2021,29
8/18/2021 - 8/19/2021,23
8/19/2021 - 8/20/2021,27
8/20/2021 - 8/21/2021,40
8/21/2021 - 8/22/2021,31
8/22/2021 - 8/23/2021,33
8/23/2021 - 8/24/2021,19
8/24/2021 - 8/25/2021,25
8/25/2021 - 8/26/2021,26
8/26/2021 - 8/27/2021,28
8/27/2021 - 8/28/2021,28
8/28/2021 - 8/29/2021,46
8/29/2021 - 8/30/2021,46
8/30/2021 - 8/31/2021,27
8/31/2021 - 9/1/2021,35
9/1/2021 - 9/2/2021,31
9/2/2021 - 9/3/2021,45
9/3/2021 - 9/4/2021,46
9/4/2021 - 9/5/2021,40
9/5/2021 - 9/6/2021,62
9/6/2021 - 9/7/2021,71
9/7/2021 - 9/8/2021,38
9/8/2021 - 9/9/2021,39
9/9/2021 - 9/10/2021,49
9/10/2021 - 9/11/2021,38
9/11/2021 - 9/12/2021,39
9/12/2021 - 9/13/2021,54
9/13/2021 - 9/14/2021,30
9/14/2021 - 9/15/2021,26
9/15/2021 - 9/16/2021,48
9/16/2021 - 9/17/2021,53
9/17/2021 - 9/18/2021,34
9/18/2021 - 9/19/2021,41
9/19/2021 - 9/20/2021,42
9/20/2021 - 9/21/2021,21
9/21/2021 - 9/22/2021,20
9/22/2021 - 9/23/2021,5
9/23/2021 - 9/24/2021,29
9/24/2021 - 9/25/2021,29
9/25/2021 - 9/26/2021,41
9/26/2021 - 9/27/2021,44
9/27/2021 - 9/28/2021,15
9/28/2021 - 9/29/2021,29
9/29/2021 - 9/30/2021,31
9/30/2021 - 10/1/2021,35
10/1/2021 - 10/2/2021,34
10/2/2021 - 10/3/2021,38
10/3/2021 - 10/4/2021,43
10/4/2021 - 10/5/2021,29
10/5/2021 - 10/6/2021,38
10/6/2021 - 10/7/2021,30
10/7/2021 - 10/8/2021,38
10/8/2021 - 10/9/2021,31
10/9/2021 - 10/10/2021,77
10/10/2021 - 10/11/2021,42
10/11/2021 - 10/12/2021,29
10/12/2021 - 10/13/2021,20
10/13/2021 - 10/14/2021,31
10/14/2021 - 10/15/2021,35
10/15/2021 - 10/16/2021,28
10/16/2021 - 10/17/2021,43
10/17/2021 - 10/18/2021,41
10/18/2021 - 10/19/2021,43
10/19/2021 - 10/20/2021,31
10/20/2021 - 10/21/2021,28
10/21/2021 - 10/22/2021,13
10/22/2021 - 10/23/2021,22
10/23/2021 - 10/24/2021,45
10/24/2021 - 10/25/2021,21
10/25/2021 - 10/26/2021,12
10/26/2021 - 10/27/2021,33
10/27/2021 - 10/28/2021,26
10/28/2021 - 10/29/2021,17
10/29/2021 - 10/30/2021,33
10/30/2021 - 10/31/2021,39
10/31/2021 - 11/1/2021,43
11/1/2021 - 11/2/2021,24
11/2/2021 - 11/3/2021,48
11/3/2021 - 11/4/2021,27
11/4/2021 - 11/5/2021,24
11/5/2021 - 11/6/2021,33
11/6/2021 - 11/7/2021,38
11/7/2021 - 11/8/2021,52
11/8/2021 - 11/9/2021,24
11/9/2021 - 11/10/2021,27
11/10/2021 - 11/11/2021,24
11/11/2021 - 11/12/2021,21
11/12/2021 - 11/13/2021,23
11/13/2021 - 11/14/2021,25
11/14/2021 - 11/15/2021,19
11/15/2021 - 11/16/2021,26
11/16/2021 - 11/17/2021,20
11/17/2021 - 11/18/2021,14
11/18/2021 - 11/19/2021,11
11/19/2021 - 11/20/2021,22
11/20/2021 - 11/21/2021,27
11/21/2021 - 11/22/2021,26
11/22/2021 - 11/23/2021,16
11/23/2021 - 11/24/2021,19
11/24/2021 - 11/25/2021,15
11/25/2021 - 11/26/2021,14
11/26/2021 - 11/27/2021,26
11/27/2021 - 11/28/2021,23
11/28/2021 - 11/29/2021,26
11/29/2021 - 11/30/2021,17
11/30/2021 - 12/1/2021,20
12/1/2021 - 12/2/2021,9
12/2/2021 - 12/3/2021,21
12/3/2021 - 12/4/2021,24
12/4/2021 - 12/5/2021,18
12/5/2021 - 12/6/2021,19
12/6/2021 - 12/7/2021,9
12/7/2021 - 12/8/2021,10
12/8/2021 - 12/9/2021,12
12/9/2021 - 12/10/2021,16
12/10/2021 - 12/11/2021,22
12/11/2021 - 12/12/2021,8
12/12/2021 - 12/13/2021,26
12/13/2021 - 12/14/2021,20
12/14/2021 - 12/15/2021,17
12/15/2021 - 12/16/2021,27
12/16/2021 - 12/17/2021,12
12/17/2021 - 12/18/2021,18
12/18/2021 - 12/19/2021,37
12/19/2021 - 12/20/2021,51
12/20/2021 - 12/21/2021,18
12/21/2021 - 12/22/2021,30
12/22/2021 - 12/23/2021,25
12/23/2021 - 12/24/2021,16
12/24/2021 - 12/25/2021,27
12/25/2021 - 12/26/2021,24
12/26/2021 - 12/27/2021,30
12/27/2021 - 12/28/2021,33
12/28/2021 - 12/29/2021,11
12/29/2021 - 12/30/2021,31
12/30/2021 - 12/31/2021,25
12/31/2021 - 1/1/2022,28
1/1/2022 - 1/2/2022,58
1/2/2022 - 1/3/2022,61
1/3/2022 - 1/4/2022,43
1/4/2022 - 1/5/2022,29
1/5/2022 - 1/6/2022,13
1/6/2022 - 1/7/2022,31
1/7/2022 - 1/8/2022,27
1/8/2022 - 1/9/2022,32
1/9/2022 - 1/10/2022,45
1/10/2022 - 1/11/2022,28
1/11/2022 - 1/12/2022,20
1/12/2022 - 1/13/2022,29
1/13/2022 - 1/14/2022,37
1/14/2022 - 1/15/2022,30
1/15/2022 - 1/16/2022,33
1/16/2022 - 1/17/2022,48
1/17/2022 - 1/18/2022,22
1/18/2022 - 1/19/2022,27
1/19/2022 - 1/20/2022,33
1/20/2022 - 1/21/2022,22
1/21/2022 - 1/22/2022,29
1/22/2022 - 1/23/2022,38
1/23/2022 - 1/24/2022,35
1/24/2022 - 1/25/2022,25
1/25/2022 - 1/26/2022,22
1/26/2022 - 1/27/2022,18
1/27/2022 - 1/28/2022,20
1/28/2022 - 1/29/2022,17
1/29/2022 - 1/30/2022,46
1/30/2022 - 1/31/2022,47
1/31/2022 - 2/1/2022,29
2/1/2022 - 2/2/2022,36
2/2/2022 - 2/3/2022,13
2/3/2022 - 2/4/2022,25
2/4/2022 - 2/5/2022,23
2/5/2022 - 2/6/2022,25
2/6/2022 - 2/7/2022,46
2/7/2022 - 2/8/2022,22
2/8/2022 - 2/9/2022,19
2/9/2022 - 2/10/2022,34
2/10/2022 - 2/11/2022,22
2/11/2022 - 2/12/2022,22
2/12/2022 - 2/13/2022,25
2/13/2022 - 2/14/2022,32
2/14/2022 - 2/15/2022,21
2/15/2022 - 2/16/2022,40
2/16/2022 - 2/17/2022,34
2/17/2022 - 2/18/2022,17
2/18/2022 - 2/19/2022,71
2/19/2022 - 2/20/2022,82
2/20/2022 - 2/21/2022,119
2/21/2022 - 2/22/2022,126
2/22/2022 - 2/23/2022,39
2/23/2022 - 2/24/2022,48
2/24/2022 - 2/25/2022,30
2/25/2022 - 2/26/2022,32
2/26/2022 - 2/27/2022,62
2/27/2022 - 2/28/2022,90
2/28/2022 - 3/1/2022,65
3/1/2022 - 3/2/2022,84
3/2/2022 - 3/3/2022,82
3/3/2022 - 3/4/2022,49
3/4/2022 - 3/5/2022,70
3/5/2022 - 3/6/2022,113
3/6/2022 - 3/7/2022,116
3/7/2022 - 3/8/2022,34
3/8/2022 - 3/9/2022,54
3/9/2022 - 3/10/2022,72
3/10/2022 - 3/11/2022,72
3/11/2022 - 3/12/2022,53
3/12/2022 - 3/13/2022,77
3/12/2022 - 3/14/2022,81
3/14/2022 - 3/15/2022,83
3/15/2022 - 3/16/2022,82
3/16/2022 - 3/17/2022,90
3/17/2022 - 3/18/2022,84
3/18/2022 - 3/19/2022,71
3/19/2022 - 3/20/2022,67
3/20/2022 - 3/21/2022,126
3/21/2022 - 3/22/2022,76
3/22/2022 - 3/23/2022,53
3/23/2022 - 3/24/2022,82
3/24/2022 - 3/25/2022,73
3/25/2022 - 3/26/2022,57
3/26/2022 - 3/27/2022,71
3/27/2022 - 3/28/2022,108
3/28/2022 - 3/29/2022,89
3/29/2022 - 3/30/2022,76
3/30/2022 - 3/31/2022,113
3/31/2022 - 4/1/2022,53
4/1/2022 - 4/2/2022,90
4/2/2022 - 4/3/2022,114
4/3/2022 - 4/4/2022,152
4/4/2022 - 4/5/2022,91
4/5/2022 - 4/6/2022,98
4/6/2022 - 4/7/2022,60
4/7/2022 - 4/8/2022,67
4/8/2022 - 4/9/2022,79
4/9/2022 - 4/10/2022,105
4/10/2022 - 4/11/2022,156
4/11/2022 - 4/12/2022,87
4/12/2022 - 4/13/2022,113
4/13/2022 - 4/14/2022,72
4/14/2022 - 4/15/2022,88
4/15/2022 - 4/16/2022,119
4/16/2022 - 4/17/2022,131
4/17/2022 - 4/18/2022,120
4/18/2022 - 4/19/2022,70
4/19/2022 - 4/20/2022,94
4/20/2022 - 4/21/2022,102
4/21/2022 - 4/22/2022,110
4/22/2022 - 4/23/2022,131
4/23/2022 - 4/24/2022,163
4/24/2022 - 4/25/2022,209
4/25/2022 - 4/26/2022,120
4/26/2022 - 4/27/2022,114
4/27/2022 - 4/28/2022,151
4/28/2022 - 4/29/2022,119
4/29/2022 - 4/30/2022,145
4/30/2022 - 5/1/2022,187
5/1/2022 - 5/2/2022,223
5/2/2022 - 5/3/2022,180
5/3/2022 - 5/4/2022,113
5/4/2022 - 5/5/2022,145
5/5/2022 - 5/6/2022,124
5/6/2022 - 5/7/2022,130
5/7/2022 - 5/8/2022,208
5/8/2022 - 5/9/2022,217
5/9/2022 - 5/10/2022,145
5/10/2022 - 5/11/2022,143
5/11/2022 - 5/12/2022,118
5/12/2022 - 5/13/2022,133
5/13/2022 - 5/14/2022,128
5/14/2022 - 5/15/2022,250
5/15/2022 - 5/16/2022,119
5/16/2022 - 5/17/2022,103
5/17/2022 - 5/18/2022,111
5/18/2022 - 5/19/2022,73
5/19/2022 - 5/20/2022,94
5/20/2022 - 5/21/2022,94
5/21/2022 - 5/22/2022,119
5/22/2022 - 5/23/2022,132
5/23/2022 - 5/24/2022,101
5/24/2022 - 5/25/2022,77
5/25/2022 - 5/26/2022,52
5/26/2022 - 5/27/2022,65
5/27/2022 - 5/28/2022,67
5/28/2022 - 5/29/2022,115
5/29/2022 - 5/30/2022,95
5/30/2022 - 5/31/2022,92
5/31/2022 - 6/1/2022,64
6/1/2022 - 6/2/2022,65
6/2/2022 - 6/3/2022,69
6/3/2022 - 6/4/2022,67
6/4/2022 - 6/5/2022,78
6/5/2022 - 6/6/2022,74
6/6/2022 - 6/7/2022,53
6/7/2022 - 6/8/2022,55
6/8/2022 - 6/9/2022,47
6/9/2022 - 6/10/2022,65
6/10/2022 - 6/11/2022,64
6/11/2022 - 6/12/2022,75
6/12/2022 - 6/13/2022,57
6/13/2022 - 6/14/2022,50
6/14/2022 - 6/15/2022,48
6/15/2022 - 6/16/2022,48
6/16/2022 - 6/17/2022,52
6/17/2022 - 6/18/2022,50
6/18/2022 - 6/19/2022,61
6/19/2022 - 6/20/2022,73
6/20/2022 - 6/21/2022,56
6/21/2022 - 6/22/2022,56
6/22/2022 - 6/23/2022,53
6/23/2022 - 6/24/2022,64
6/24/2022 - 6/25/2022,56
6/25/2022 - 6/26/2022,75
6/26/2022 - 6/27/2022,61
6/27/2022 - 6/28/2022,59
6/28/2022 - 6/29/2022,60
6/29/2022 - 6/30/2022,55
6/30/2022 - 7/1/2022,48
7/1/2022 - 7/2/2022,51
7/2/2022 - 7/3/2022,76
7/3/2022 - 7/4/2022,67
7/4/2022 - 7/5/2022,63
7/5/2022 - 7/6/2022,44
7/6/2022 - 7/7/2022,27
7/7/2022 - 7/8/2022,59
7/8/2022 - 7/9/2022,30
7/9/2022 - 7/10/2022,69
7/10/2022 - 7/11/2022,80
7/11/2022 - 7/12/2022,56
7/12/2022 - 7/13/2022,41
7/13/2022 - 7/14/2022,44
7/14/2022 - 7/15/2022,48
7/15/2022 - 7/16/2022,59
7/16/2022 - 7/17/2022,46
7/17/2022 - 7/18/2022,39
7/18/2022 - 7/19/2022,49
7/19/2022 - 7/20/2022,47
7/20/2022 - 7/21/2022,34
7/21/2022 - 7/22/2022,47
7/22/2022 - 7/23/2022,48
7/23/2022 - 7/24/2022,59
7/24/2022 - 7/25/2022,56
7/25/2022 - 7/26/2022,46
7/26/2022 - 7/27/2022,39
7/27/2022 - 7/28/2022,31
7/28/2022 - 7/29/2022,37
7/29/2022 - 7/30/2022,41
7/30/2022 - 7/31/2022,51
7/31/2022 - 8/1/2022,53
8/1/2022 - 8/2/2022,28
8/2/2022 - 8/3/2022,31
8/3/2022 - 8/4/2022,30
8/4/2022 - 8/5/2022,24
8/5/2022 - 8/6/2022,30
8/6/2022 - 8/7/2022,34
8/7/2022 - 8/8/2022,41
8/8/2022 - 8/9/2022,33
8/9/2022 - 8/10/2022,21
8/10/2022 - 8/11/2022,33
8/11/2022 - 8/12/2022,33
8/12/2022 - 8/13/2022,29
8/13/2022 - 8/14/2022,37
8/14/2022 - 8/15/2022,40
8/15/2022 - 8/16/2022,35
8/16/2022 - 8/17/2022,35
8/17/2022 - 8/18/2022,39
8/18/2022 - 8/19/2022,30
8/19/2022 - 8/20/2022,32
8/20/2022 - 8/21/2022,51
8/21/2022 - 8/22/2022,45
8/22/2022 - 8/23/2022,29
8/23/2022 - 8/24/2022,32
8/24/2022 - 8/25/2022,39
8/25/2022 - 8/26/2022,40
8/26/2022 - 8/27/2022,38
8/27/2022 - 8/28/2022,47
8/28/2022 - 8/29/2022,49
8/29/2022 - 8/30/2022,20
8/30/2022 - 8/31/2022,25
8/31/2022 - 9/1/2022,43
9/1/2022 - 9/2/2022,41
9/2/2022 - 9/3/2022,34
9/3/2022 - 9/4/2022,39
9/4/2022 - 9/5/2022,63
9/5/2022 - 9/6/2022,46
9/6/2022 - 9/7/2022,31
9/7/2022 - 9/8/2022,39
9/8/2022 - 9/9/2022,54
9/9/2022 - 9/10/2022,39
9/10/2022 - 9/11/2022,40
9/11/2022 - 9/12/2022,28
9/12/2022 - 9/13/2022,27
9/13/2022 - 9/14/2022,34
9/14/2022 - 9/15/2022,40
9/15/2022 - 9/16/2022,36
9/16/2022 - 9/17/2022,39
9/17/2022 - 9/18/2022,57
9/18/2022 - 9/19/2022,68
9/19/2022 - 9/20/2022,37
9/20/2022 - 9/21/2022,40
9/21/2022 - 9/22/2022,41
9/22/2022 - 9/23/2022,49
9/23/2022 - 9/24/2022,68
9/24/2022 - 9/25/2022,58
9/25/2022 - 9/26/2022,62
9/26/2022 - 9/27/2022,38
9/27/2022 - 9/28/2022,43
9/28/2022 - 9/29/2022,57
9/29/2022 - 9/30/2022,43
9/30/2022 - 10/1/2022,59
10/1/2022 - 10/2/2022,62
10/2/2022 - 10/3/2022,59
10/3/2022 - 10/4/2022,59
10/4/2022 - 10/5/2022,45
10/5/2022 - 10/6/2022,47
10/6/2022 - 10/7/2022,53
10/7/2022 - 10/8/2022,47
10/8/2022 - 10/9/2022,119
10/9/2022 - 10/10/2022,57
10/10/2022 - 10/11/2022,36
10/11/2022 - 10/12/2022,46
10/12/2022 - 10/13/2022,28
10/13/2022 - 10/14/2022,40
10/14/2022 - 10/15/2022,44
10/15/2022 - 10/16/2022,62
10/16/2022 - 10/17/2022,73
10/17/2022 - 10/18/2022,37
10/18/2022 - 10/19/2022,33
10/19/2022 - 10/20/2022,39
10/20/2022 - 10/21/2022,43
10/21/2022 - 10/22/2022,57
10/22/2022 - 10/23/2022,66
10/23/2022 - 10/24/2022,61
10/24/2022 - 10/25/2022,40
10/25/2022 - 10/26/2022,41
10/26/2022 - 10/27/2022,29
10/27/2022 - 10/28/2022,44
10/28/2022 - 10/29/2022,56
10/29/2022 - 10/30/2022,54
10/30/2022 - 10/31/2022,41
10/31/2022 - 11/1/2022,26
11/1/2022 - 11/2/2022,48
11/2/2022 - 11/3/2022,41
11/3/2022 - 11/4/2022,45
11/4/2022 - 11/5/2022,47
11/5/2022 - 11/6/2022,17
11/6/2022 - 11/7/2022,71
11/7/2022 - 11/8/2022,49
11/8/2022 - 11/9/2022,40
11/9/2022 - 11/10/2022,36
11/10/2022 - 11/11/2022,42
11/11/2022 - 11/12/2022,44
11/12/2022 - 11/13/2022,28
11/13/2022 - 11/14/2022,38
11/14/2022 - 11/15/2022,28
11/15/2022 - 11/16/2022,27
11/16/2022 - 11/17/2022,30
11/17/2022 - 11/18/2022,19
11/18/2022 - 11/19/2022,21
11/19/2022 - 11/20/2022,38
11/20/2022 - 11/21/2022,38
11/21/2022 - 11/22/2022,35
11/22/2022 - 11/23/2022,36
11/23/2022 - 11/24/2022,41
11/24/2022 - 11/25/2022,56
11/25/2022 - 11/26/2022,39
11/26/2022 - 11/27/2022,48
11/27/2022 - 11/28/2022,14
11/28/2022 - 11/29/2022,29
11/29/2022 - 11/30/2022,18
11/30/2022 - 12/1/2022,13
12/1/2022 - 12/2/2022,21
12/2/2022 - 12/3/2022,24
12/3/2022 - 12/4/2022,29
12/4/2022 - 12/5/2022,44
12/5/2022 - 12/6/2022,25
12/6/2022 - 12/7/2022,21
12/7/2022 - 12/8/2022,23
12/8/2022 - 12/9/2022,15
12/9/2022 - 12/10/2022,14
12/10/2022 - 12/11/2022,33
12/11/2022 - 12/12/2022,29
12/12/2022 - 12/13/2022,24
12/13/2022 - 12/14/2022,15
12/14/2022 - 12/15/2022,20
12/15/2022 - 12/16/2022,13
12/16/2022 - 12/17/2022,18
12/17/2022 - 12/18/2022,43
12/18/2022 - 12/19/2022,56
12/19/2022 - 12/20/2022,13
12/20/2022 - 12/21/2022,33
12/21/2022 - 12/22/2022,25
12/22/2022 - 12/23/2022,21
12/23/2022 - 12/24/2022,12
12/24/2022 - 12/25/2022,17
12/25/2022 - 12/26/2022,25
12/26/2022 - 12/27/2022,32
12/27/2022 - 12/28/2022,30
12/28/2022 - 12/29/2022,36
12/29/2022 - 12/30/2022,33
12/30/2022 - 12/31/2022,21
12/31/2022 - 1/1/2023,46
1/1/2023 - 1/2/2023,87
1/2/2023 - 1/3/2023,67
1/3/2023 - 1/4/2023,34
1/4/2023 - 1/5/2023,27
1/5/2023 - 1/6/2023,25
1/6/2023 - 1/7/2023,29
1/7/2023 - 1/8/2023,42
1/8/2023 - 1/9/2023,44
1/9/2023 - 1/10/2023,33
1/10/2023 - 1/11/2023,41
1/11/2023 - 1/12/2023,31
1/12/2023 - 1/13/2023,11
1/13/2023 - 1/14/2023,15
1/14/2023 - 1/15/2023,46
1/15/2023 - 1/16/2023,45
1/16/2023 - 1/17/2023,25
1/17/2023 - 1/18/2023,29
1/18/2023 - 1/19/2023,26
1/19/2023 - 1/20/2023,24
1/20/2023 - 1/21/2023,21
1/21/2023 - 1/22/2023,35
1/22/2023 - 1/23/2023,43
1/23/2023 - 1/24/2023,31
1/24/2023 - 1/25/2023,43
1/25/2023 - 1/26/2023,18
1/26/2023 - 1/27/2023,14
1/27/2023 - 1/28/2023,15
1/28/2023 - 1/29/2023,41
1/29/2023 - 1/30/2023,36
1/30/2023 - 1/31/2023,17
1/31/2023 - 2/1/2023,25
2/1/2023 - 2/2/2023,23
2/2/2023 - 2/3/2023,32
2/3/2023 - 2/4/2023,25
2/4/2023 - 2/5/2023,41
2/5/2023 - 2/6/2023,53
2/6/2023 - 2/7/2023,34
2/7/2023 - 2/8/2023,33
2/8/2023 - 2/9/2023,28
2/9/2023 - 2/10/2023,10
2/10/2023 - 2/11/2023,32
2/11/2023 - 2/12/2023,51
2/12/2023 - 2/13/2023,60
2/13/2023 - 2/14/2023,37
2/14/2023 - 2/15/2023,36
2/15/2023 - 2/16/2023,43
2/16/2023 - 2/17/2023,31
2/17/2023 - 2/18/2023,80
2/18/2023 - 2/19/2023,145
2/19/2023 - 2/20/2023,149
2/20/2023 - 2/21/2023,139
2/21/2023 - 2/22/2023,37
2/22/2023 - 2/23/2023,34
2/23/2023 - 2/24/2023,67
2/24/2023 - 2/25/2023,52
2/25/2023 - 2/26/2023,84
2/26/2023 - 2/27/2023,97
2/27/2023 - 2/28/2023,26
2/28/2023 - 3/1/2023,61
3/1/2023 - 3/2/2023,76
3/2/2023 - 3/3/2023,82
3/3/2023 - 3/4/2023,21
3/4/2023 - 3/5/2023,115
3/5/2023 - 3/6/2023,125
3/6/2023 - 3/7/2023,90
3/7/2023 - 3/8/2023,59
3/8/2023 - 3/9/2023,73
3/9/2023 - 3/10/2023,58
3/10/2023 - 3/11/2023,34
3/11/2023 - 3/12/2023,108
3/11/2023 - 3/13/2023,75
3/13/2023 - 3/14/2023,52
3/14/2023 - 3/15/2023,53
3/15/2023 - 3/16/2023,70
3/16/2023 - 3/17/2023,56
3/17/2023 - 3/18/2023,53
3/18/2023 - 3/19/2023,72
3/19/2023 - 3/20/2023,103
3/20/2023 - 3/21/2023,68
3/21/2023 - 3/22/2023,74
3/22/2023 - 3/23/2023,69
3/23/2023 - 3/24/2023,74
3/24/2023 - 3/25/2023,43
3/25/2023 - 3/26/2023,87
3/26/2023 - 3/27/2023,133
3/27/2023 - 3/28/2023,89
3/28/2023 - 3/29/2023,105
3/29/2023 - 3/30/2023,83
3/30/2023 - 3/31/2023,96
3/31/2023 - 4/1/2023,68
4/1/2023 - 4/2/2023,75
4/2/2023 - 4/3/2023,142
4/3/2023 - 4/4/2023,115
4/4/2023 - 4/5/2023,96
4/5/2023 - 4/6/2023,68
4/6/2023 - 4/7/2023,101
4/7/2023 - 4/8/2023,126
4/8/2023 - 4/9/2023,148
4/9/2023 - 4/10/2023,131
4/10/2023 - 4/11/2023,101
4/11/2023 - 4/12/2023,112
4/12/2023 - 4/13/2023,123
4/13/2023 - 4/14/2023,114
4/14/2023 - 4/15/2023,110
4/15/2023 - 4/16/2023,171
4/16/2023 - 4/17/2023,86
4/17/2023 - 4/18/2023,69
4/18/2023 - 4/19/2023,109
4/19/2023 - 4/20/2023,111
4/20/2023 - 4/21/2023,137
4/21/2023 - 4/22/2023,84
4/22/2023 - 4/23/2023,144
4/23/2023 - 4/24/2023,136
4/24/2023 - 4/25/2023,132
4/25/2023 - 4/26/2023,126
4/26/2023 - 4/27/2023,148
4/27/2023 - 4/28/2023,153
4/28/2023 - 4/29/2023,127
4/29/2023 - 4/30/2023,185
4/30/2023 - 5/1/2023,165
5/1/2023 - 5/2/2023,79
5/2/2023 - 5/3/2023,113
5/3/2023 - 5/4/2023,153
5/4/2023 - 5/5/2023,167
5/5/2023 - 5/6/2023,156
5/6/2023 - 5/7/2023,235
5/7/2023 - 5/8/2023,181
5/8/2023 - 5/9/2023,175
5/9/2023 - 5/10/2023,197
5/10/2023 - 5/11/2023,178
5/11/2023 - 5/12/2023,153
5/12/2023 - 5/13/2023,138
5/13/2023 - 5/14/2023,405
5/14/2023 - 5/15/2023,183
5/15/2023 - 5/16/2023,147
5/16/2023 - 5/17/2023,150
5/17/2023 - 5/18/2023,133
5/18/2023 - 5/19/2023,131
5/19/2023 - 5/20/2023,125
5/20/2023 - 5/21/2023,121
5/21/2023 - 5/22/2023,144
5/22/2023 - 5/23/2023,96
5/23/2023 - 5/24/2023,101
5/24/2023 - 5/25/2023,82
5/25/2023 - 5/26/2023,96
5/26/2023 - 5/27/2023,79
5/27/2023 - 5/28/2023,132
5/28/2023 - 5/29/2023,105
5/29/2023 - 5/30/2023,119
5/30/2023 - 5/31/2023,77
5/31/2023 - 6/1/2023,76
6/1/2023 - 6/2/2023,77
6/2/2023 - 6/3/2023,66
6/3/2023 - 6/4/2023,75
6/4/2023 - 6/5/2023,94
6/5/2023 - 6/6/2023,57
6/6/2023 - 6/7/2023,55
6/7/2023 - 6/8/2023,65
6/8/2023 - 6/9/2023,66
6/9/2023 - 6/10/2023,63
6/10/2023 - 6/11/2023,93
6/11/2023 - 6/12/2023,44
6/12/2023 - 6/13/2023,68
6/13/2023 - 6/14/2023,49
6/14/2023 - 6/15/2023,72
6/15/2023 - 6/16/2023,56
6/16/2023 - 6/17/2023,73
6/17/2023 - 6/18/2023,88
6/18/2023 - 6/19/2023,83
6/19/2023 - 6/20/2023,52
6/20/2023 - 6/21/2023,53
6/21/2023 - 6/22/2023,47
6/22/2023 - 6/23/2023,60
6/23/2023 - 6/24/2023,73
6/24/2023 - 6/25/2023,66
6/25/2023 - 6/26/2023,56
6/26/2023 - 6/27/2023,51
6/27/2023 - 6/28/2023,54
6/28/2023 - 6/29/2023,52
6/29/2023 - 6/30/2023,33
